id,name,email,phone,ltv,total_payments,successful_payments,failed_payments,segment,opted_out,created_at
CUST00001,Krishna Sharma,krishna.sharma1@outlook.com,9362950628,115741.26,39,38,1,regular,False,2026-07-26 20:35:20
CUST00002,Saanvi Nair,saanvi.nair2@hotmail.com,9746412689,279244.47,103,92,11,high_value,False,2025-05-23 02:32:44
CUST00003,Neha Sharma,neha.sharma3@yahoo.com,9849621470,56123.27,18,15,3,regular,False,2026-05-23 10:10:03
CUST00004,Reyansh Joshi,reyansh.joshi4@outlook.com,9748245888,25648.56,34,31,3,regular,False,2025-08-03 21:07:52
CUST00005,Manoj Reddy,manoj.reddy5@hotmail.com,9488302652,111594.34,7,6,1,regular,False,2026-06-05 15:31:28
CUST00006,Reyansh Desai,reyansh.desai6@outlook.com,9586845604,67428.18,28,26,2,regular,False,2024-09-06 00:24:21
CUST00007,Arjun Menon,arjun.menon7@yahoo.com,9673528321,41242.32,29,27,2,regular,False,2024-09-20 03:43:20
CUST00008,Myra Chatterjee,myra.chatterjee8@outlook.com,9924970419,13016.68,4,2,2,at_risk,False,2026-06-19 16:19:07
CUST00009,Anjali Das,anjali.das9@outlook.com,9328306011,71432.15,34,33,1,regular,False,2025-01-28 04:22:36
CUST00010,Priya Mishra,priya.mishra10@hotmail.com,9560027313,18979.02,10,5,5,at_risk,False,2025-04-07 20:41:25
CUST00011,Vihaan Gupta,vihaan.gupta11@yahoo.com,9773715057,108462.56,9,8,1,regular,False,2025-05-03 04:44:08
CUST00012,Priya Agarwal,priya.agarwal12@gmail.com,9830448745,108622.35,39,34,5,regular,False,2025-09-11 19:56:19
CUST00013,Kavya Kapoor,kavya.kapoor13@yahoo.com,9587182120,619359.84,112,106,6,high_value,False,2026-02-24 05:30:58
CUST00014,Reyansh Bose,reyansh.bose14@outlook.com,9786066793,45858.44,28,25,3,regular,False,2025-02-28 23:58:46
CUST00015,Varun Mehta,varun.mehta15@rediffmail.com,9120912992,385937.5,59,56,3,high_value,False,2025-01-22 21:07:58
CUST00016,Sai Mishra,sai.mishra16@rediffmail.com,9976198296,644391.41,118,114,4,high_value,False,2025-02-09 17:59:17
CUST00017,Priya Bansal,priya.bansal17@hotmail.com,9554340903,13933.7,1,1,0,new,False,2024-10-07 00:20:20
CUST00018,Sanjay Malhotra,sanjay.malhotra18@hotmail.com,9584779555,296053.27,63,62,1,high_value,False,2024-12-31 15:58:56
CUST00019,Aarav Patel,aarav.patel19@gmail.com,9345824373,170418.42,62,60,2,high_value,False,2024-10-09 06:19:36
CUST00020,Saanvi Agarwal,saanvi.agarwal20@yahoo.com,9876693898,8565.65,3,3,0,new,False,2025-07-05 17:04:03
CUST00021,Reyansh Gupta,reyansh.gupta21@rediffmail.com,9480424119,80713.21,8,7,1,regular,False,2026-05-17 21:47:36
CUST00022,Sneha Mishra,sneha.mishra22@outlook.com,9959629660,13702.97,9,5,4,at_risk,False,2026-02-19 13:51:31
CUST00023,Arun Nair,arun.nair23@gmail.com,9575808013,34958.84,6,4,2,at_risk,False,2026-08-10 20:36:16
CUST00024,Anika Singh,anika.singh24@rediffmail.com,9621453189,132404.55,8,8,0,regular,True,2025-07-22 14:20:40
CUST00025,Arun Reddy,arun.reddy25@rediffmail.com,9847959430,14931.34,4,3,1,new,False,2026-02-12 13:11:50
CUST00026,Saanvi Verma,saanvi.verma26@hotmail.com,9889991777,117236.82,8,8,0,regular,False,2025-02-28 18:16:05
CUST00027,Vihaan Bansal,vihaan.bansal27@gmail.com,9299528037,194174.56,50,46,4,high_value,False,2025-01-19 15:02:09
CUST00028,Shreya Menon,shreya.menon28@gmail.com,9765055833,577292.56,92,84,8,high_value,False,2026-01-28 12:33:40
CUST00029,Anika Iyer,anika.iyer29@rediffmail.com,9240529481,58999.62,25,21,4,regular,False,2026-08-16 07:18:52
CUST00030,Nikhil Pillai,nikhil.pillai30@gmail.com,9178663096,85765.01,13,11,2,regular,False,2025-12-18 10:32:46
CUST00031,Kavya Singh,kavya.singh31@rediffmail.com,9995226828,59327.23,38,37,1,regular,False,2025-10-23 20:13:43
CUST00032,Ishaan Iyer,ishaan.iyer32@gmail.com,9214929002,40208.23,23,21,2,regular,False,2026-01-29 00:54:30
CUST00033,Priya Bansal,priya.bansal33@rediffmail.com,9369639388,12691.56,0,0,0,new,False,2026-07-11 23:52:16
CUST00034,Rahul Kumar,rahul.kumar34@outlook.com,9273497327,91718.45,32,29,3,regular,False,2024-09-17 18:34:24
CUST00035,Rakesh Verma,rakesh.verma35@outlook.com,9725464884,75872.27,7,7,0,regular,False,2026-07-16 10:58:22
CUST00036,Saanvi Chatterjee,saanvi.chatterjee36@yahoo.com,9816114302,657075.56,72,61,11,high_value,False,2025-12-26 18:05:01
CUST00037,Diya Kapoor,diya.kapoor37@gmail.com,9292587044,63184.11,31,27,4,regular,False,2025-12-14 14:17:10
CUST00038,Ananya Das,ananya.das38@gmail.com,9510751046,35050.76,10,7,3,at_risk,False,2025-09-01 12:53:19
CUST00039,Myra Nair,myra.nair39@gmail.com,9808705238,62674.05,9,8,1,regular,False,2024-11-07 05:27:12
CUST00040,Sneha Chatterjee,sneha.chatterjee40@hotmail.com,9455569462,1730.13,2,2,0,new,False,2025-11-27 22:36:26
CUST00041,Reyansh Menon,reyansh.menon41@rediffmail.com,9471178705,60778.05,37,36,1,regular,False,2026-02-12 14:43:34
CUST00042,Aditya Das,aditya.das42@rediffmail.com,9101815992,124846.41,17,16,1,regular,True,2024-10-14 11:58:41
CUST00043,Nikhil Mehta,nikhil.mehta43@gmail.com,9872830248,7606.84,3,2,1,new,False,2025-02-04 19:21:57
CUST00044,Aadhya Kapoor,aadhya.kapoor44@rediffmail.com,9827264603,42623.55,24,22,2,regular,False,2025-10-18 13:33:14
CUST00045,Saanvi Kapoor,saanvi.kapoor45@hotmail.com,9751397897,80448.46,33,29,4,regular,False,2026-03-05 00:00:44
CUST00046,Sai Reddy,sai.reddy46@hotmail.com,9812807629,63574.47,20,18,2,regular,False,2026-02-03 18:38:07
CUST00047,Vivaan Verma,vivaan.verma47@yahoo.com,9610173760,119903.61,34,31,3,regular,False,2026-02-07 10:01:12
CUST00048,Suresh Desai,suresh.desai48@yahoo.com,9258453521,20720.83,11,10,1,regular,False,2024-09-12 05:08:31
CUST00049,Arun Verma,arun.verma49@hotmail.com,9367574609,1820.38,1,1,0,new,False,2025-01-30 02:19:13
CUST00050,Karan Malhotra,karan.malhotra50@hotmail.com,9975106572,85621.16,40,37,3,regular,False,2025-04-26 07:36:49
CUST00051,Priya Nair,priya.nair51@outlook.com,9922286180,21960.9,10,7,3,at_risk,True,2025-11-06 15:27:45
CUST00052,Neha Mehta,neha.mehta52@outlook.com,9679984033,248039.93,69,61,8,high_value,False,2026-06-21 08:53:43
CUST00053,Meera Mehta,meera.mehta53@hotmail.com,9600282414,46888.47,31,29,2,regular,False,2024-09-12 23:17:20
CUST00054,Anjali Desai,anjali.desai54@rediffmail.com,9106330865,4479.19,3,2,1,new,False,2025-06-22 04:24:15
CUST00055,Rakesh Menon,rakesh.menon55@yahoo.com,9624232414,76658.68,6,6,0,regular,False,2025-07-07 17:59:28
CUST00056,Arun Kumar,arun.kumar56@hotmail.com,9673510887,406113.17,92,82,10,high_value,False,2025-06-13 19:03:34
CUST00057,Arun Singh,arun.singh57@gmail.com,9379340713,47515.84,25,23,2,regular,False,2025-11-14 08:39:05
CUST00058,Priya Patel,priya.patel58@rediffmail.com,9120812641,26771.13,27,26,1,regular,True,2024-10-27 22:32:04
CUST00059,Vivaan Nair,vivaan.nair59@yahoo.com,9121882877,51010.84,35,31,4,regular,False,2026-01-14 07:04:08
CUST00060,Priya Joshi,priya.joshi60@yahoo.com,9750572325,117230.33,12,11,1,regular,False,2025-10-11 20:03:52
CUST00061,Shreya Sharma,shreya.sharma61@outlook.com,9718257024,144562.47,30,26,4,regular,False,2024-12-27 01:09:47
CUST00062,Anika Gupta,anika.gupta62@outlook.com,9834717549,35737.16,7,7,0,regular,False,2025-08-11 21:29:22
CUST00063,Lakshmi Bose,lakshmi.bose63@outlook.com,9113585139,33781.58,6,4,2,at_risk,False,2025-05-12 18:25:48
CUST00064,Nisha Singh,nisha.singh64@hotmail.com,9798423334,125065.9,39,34,5,regular,False,2024-12-27 14:13:41
CUST00065,Karan Nair,karan.nair65@gmail.com,9399496923,13535.22,17,10,7,at_risk,False,2025-09-15 22:57:19
CUST00066,Suresh Mehta,suresh.mehta66@yahoo.com,9623502759,123718.21,26,25,1,regular,False,2025-11-16 03:45:52
CUST00067,Aarav Bansal,aarav.bansal67@yahoo.com,9191926217,72835.66,40,35,5,regular,False,2024-11-02 06:07:48
CUST00068,Vikram Sharma,vikram.sharma68@gmail.com,9415933049,109932.33,24,21,3,regular,False,2025-02-05 04:40:12
CUST00069,Amit Kapoor,amit.kapoor69@hotmail.com,9455184454,78986.88,24,23,1,regular,False,2026-02-09 12:30:41
CUST00070,Krishna Mishra,krishna.mishra70@hotmail.com,9918394863,44900.33,35,33,2,regular,False,2025-03-06 02:16:18
CUST00071,Kavya Gupta,kavya.gupta71@yahoo.com,9418092217,43327.4,5,4,1,regular,False,2026-07-10 22:00:54
CUST00072,Manoj Reddy,manoj.reddy72@yahoo.com,9784907325,22180.75,3,2,1,at_risk,False,2025-05-31 11:35:43
CUST00073,Diya Verma,diya.verma73@outlook.com,9612957813,192473.23,82,80,2,high_value,False,2026-07-02 18:28:33
CUST00074,Rohan Pillai,rohan.pillai74@outlook.com,9191462297,1776.77,3,2,1,new,False,2026-01-06 04:58:26
CUST00075,Pooja Malhotra,pooja.malhotra75@rediffmail.com,9419280490,39651.09,12,7,5,at_risk,True,2026-05-16 16:26:05
CUST00076,Saanvi Iyer,saanvi.iyer76@gmail.com,9268638768,91758.99,15,15,0,regular,False,2024-12-25 06:53:28
CUST00077,Kavya Verma,kavya.verma77@yahoo.com,9409350265,111388.38,34,33,1,regular,False,2025-11-28 01:14:33
CUST00078,Shreya Chatterjee,shreya.chatterjee78@yahoo.com,9556489494,296126.14,39,34,5,high_value,False,2026-06-13 21:49:44
CUST00079,Ananya Reddy,ananya.reddy79@hotmail.com,9904187231,37241.74,17,12,5,at_risk,False,2024-09-08 09:20:43
CUST00080,Neha Bansal,neha.bansal80@hotmail.com,9630208579,97744.77,32,28,4,regular,False,2026-07-30 20:40:30
CUST00081,Myra Chatterjee,myra.chatterjee81@hotmail.com,9730418447,14993.59,2,2,0,new,False,2026-02-27 06:52:11
CUST00082,Divya Bose,divya.bose82@rediffmail.com,9398668350,96092.85,36,31,5,regular,False,2025-07-03 11:51:53
CUST00083,Karan Chatterjee,karan.chatterjee83@gmail.com,9272684373,110177.58,23,21,2,regular,False,2025-02-08 22:39:51
CUST00084,Arun Patel,arun.patel84@outlook.com,9371011200,146124.01,30,26,4,regular,False,2026-08-24 00:03:20
CUST00085,Rakesh Malhotra,rakesh.malhotra85@rediffmail.com,9158201193,67031.32,36,32,4,regular,False,2026-01-29 14:16:37
CUST00086,Manoj Kumar,manoj.kumar86@outlook.com,9570423569,21964.91,3,1,2,at_risk,False,2025-12-23 18:14:02
CUST00087,Riya Agarwal,riya.agarwal87@gmail.com,9692975437,49211.09,12,11,1,regular,False,2026-03-21 05:51:17
CUST00088,Kavya Bansal,kavya.bansal88@outlook.com,9546129354,39308.56,10,6,4,at_risk,False,2026-02-11 02:10:39
CUST00089,Lakshmi Mishra,lakshmi.mishra89@yahoo.com,9174958005,122700.8,31,29,2,regular,False,2025-11-25 23:54:24
CUST00090,Kavya Mishra,kavya.mishra90@outlook.com,9999232921,149857.3,36,31,5,regular,False,2025-04-17 11:26:04
CUST00091,Rahul Agarwal,rahul.agarwal91@hotmail.com,9505026213,61831.06,17,14,3,regular,False,2025-07-29 15:29:47
CUST00092,Meera Verma,meera.verma92@outlook.com,9899621068,138745.92,29,27,2,regular,False,2024-10-27 18:27:44
CUST00093,Suresh Verma,suresh.verma93@yahoo.com,9639331014,4979.92,0,0,0,new,False,2025-03-05 07:21:50
CUST00094,Aarav Mishra,aarav.mishra94@yahoo.com,9540211187,38948.49,5,3,2,at_risk,False,2025-09-13 01:18:29
CUST00095,Sneha Bose,sneha.bose95@gmail.com,9452794611,35076.98,15,7,8,at_risk,False,2025-04-13 04:18:08
CUST00096,Aditya Menon,aditya.menon96@gmail.com,9352082631,139720.78,19,17,2,regular,False,2026-05-17 00:55:34
CUST00097,Reyansh Malhotra,reyansh.malhotra97@yahoo.com,9845178074,23763.14,25,22,3,regular,False,2025-08-07 08:19:10
CUST00098,Rohan Nair,rohan.nair98@hotmail.com,9542437192,123027.53,15,14,1,regular,False,2025-07-30 01:26:14
CUST00099,Anika Chopra,anika.chopra99@hotmail.com,9253671484,102927.6,34,32,2,regular,True,2025-05-06 13:31:40
CUST00100,Rakesh Singh,rakesh.singh100@gmail.com,9574303740,14814.78,2,1,1,new,False,2025-12-12 07:22:02
CUST00101,Riya Rao,riya.rao101@rediffmail.com,9618840705,397886.79,65,59,6,high_value,False,2025-10-27 23:12:05
CUST00102,Sneha Iyer,sneha.iyer102@gmail.com,9707661655,32240.91,4,2,2,at_risk,False,2025-11-05 15:37:18
CUST00103,Varun Joshi,varun.joshi103@yahoo.com,9783563240,52581.48,13,12,1,regular,False,2024-11-02 22:33:53
CUST00104,Riya Malhotra,riya.malhotra104@gmail.com,9722312633,37083.53,23,22,1,regular,False,2026-02-01 19:11:18
CUST00105,Rakesh Joshi,rakesh.joshi105@hotmail.com,9638798023,12457.09,2,1,1,new,False,2025-10-27 11:40:04
CUST00106,Krishna Malhotra,krishna.malhotra106@gmail.com,9251136695,12896.51,15,7,8,at_risk,False,2025-08-16 20:42:44
CUST00107,Sneha Sharma,sneha.sharma107@outlook.com,9676140134,389580.68,115,103,12,high_value,False,2024-11-10 10:28:31
CUST00108,Reyansh Chatterjee,reyansh.chatterjee108@yahoo.com,9606244434,724752.65,91,85,6,high_value,False,2024-10-31 21:41:55
CUST00109,Arun Das,arun.das109@outlook.com,9797115550,38171.01,7,7,0,regular,False,2026-05-18 15:27:05
CUST00110,Rakesh Kumar,rakesh.kumar110@rediffmail.com,9587096273,143419.5,39,36,3,regular,False,2026-03-20 08:53:41
CUST00111,Reyansh Chopra,reyansh.chopra111@hotmail.com,9538211092,4196.1,2,2,0,new,False,2025-12-27 10:47:43
CUST00112,Reyansh Chatterjee,reyansh.chatterjee112@outlook.com,9684615760,9672.4,0,0,0,new,False,2026-04-22 07:26:40
CUST00113,Sai Chatterjee,sai.chatterjee113@yahoo.com,9789024924,146242.13,8,7,1,regular,False,2026-04-19 03:26:40
CUST00114,Saanvi Patel,saanvi.patel114@hotmail.com,9322433532,125696.89,19,18,1,regular,False,2024-12-23 23:53:49
CUST00115,Neha Kumar,neha.kumar115@yahoo.com,9680051935,42684.63,6,6,0,regular,False,2025-12-25 02:33:38
CUST00116,Karan Sharma,karan.sharma116@yahoo.com,9384936197,632116.74,87,84,3,high_value,True,2025-05-23 10:49:07
CUST00117,Lakshmi Pillai,lakshmi.pillai117@gmail.com,9585337126,142904.03,7,6,1,regular,False,2024-10-20 05:00:53
CUST00118,Riya Malhotra,riya.malhotra118@gmail.com,9165310776,12709.48,3,2,1,new,False,2025-05-28 21:19:28
CUST00119,Sai Mehta,sai.mehta119@hotmail.com,9259272239,328760.4,101,91,10,high_value,False,2025-07-31 02:14:59
CUST00120,Divya Reddy,divya.reddy120@rediffmail.com,9642831335,32893.2,12,10,2,regular,False,2025-02-07 16:10:17
CUST00121,Nisha Malhotra,nisha.malhotra121@yahoo.com,9544328940,78954.86,31,27,4,regular,False,2025-10-09 14:43:12
CUST00122,Sanjay Kumar,sanjay.kumar122@rediffmail.com,9172083844,205486.83,75,73,2,high_value,False,2026-04-14 03:44:36
CUST00123,Vihaan Pillai,vihaan.pillai123@hotmail.com,9703102938,35890.07,27,23,4,regular,False,2025-06-18 22:07:37
CUST00124,Kavya Menon,kavya.menon124@outlook.com,9477577220,479818.16,39,35,4,high_value,False,2026-05-07 11:15:10
CUST00125,Manoj Joshi,manoj.joshi125@gmail.com,9918841563,49400.68,32,28,4,regular,False,2024-11-27 01:39:38
CUST00126,Manoj Sharma,manoj.sharma126@hotmail.com,9806340901,14360.67,8,5,3,at_risk,False,2025-09-12 11:13:11
CUST00127,Aarav Singh,aarav.singh127@yahoo.com,9708082645,29046.1,6,6,0,regular,False,2025-08-05 08:42:52
CUST00128,Arun Mehta,arun.mehta128@yahoo.com,9497341481,62169.78,10,9,1,regular,False,2024-12-01 22:11:18
CUST00129,Sai Iyer,sai.iyer129@rediffmail.com,9810751262,98919.88,31,29,2,regular,False,2026-05-01 11:25:58
CUST00130,Nisha Gupta,nisha.gupta130@outlook.com,9828230915,83262.26,24,23,1,regular,False,2024-12-20 22:00:20
CUST00131,Aarav Rao,aarav.rao131@outlook.com,9326810757,31745.63,12,8,4,at_risk,True,2025-06-11 17:36:12
CUST00132,Ishaan Desai,ishaan.desai132@hotmail.com,9855561271,92634.06,27,26,1,regular,False,2026-07-13 08:07:04
CUST00133,Vivaan Malhotra,vivaan.malhotra133@gmail.com,9436146289,94541.96,31,29,2,regular,False,2025-09-27 17:44:33
CUST00134,Nikhil Malhotra,nikhil.malhotra134@outlook.com,9194628740,33762.21,32,29,3,regular,False,2025-07-16 12:42:12
CUST00135,Rahul Nair,rahul.nair135@outlook.com,9936571442,86362.83,12,11,1,regular,False,2025-09-02 11:13:01
CUST00136,Rohan Nair,rohan.nair136@gmail.com,9257243284,42554.87,14,12,2,regular,False,2026-02-25 01:08:14
CUST00137,Suresh Malhotra,suresh.malhotra137@hotmail.com,9915911873,108547.35,25,22,3,regular,False,2026-03-24 07:59:20
CUST00138,Arjun Chopra,arjun.chopra138@rediffmail.com,9777944609,55707.58,8,7,1,regular,True,2025-05-10 07:32:47
CUST00139,Aditya Verma,aditya.verma139@outlook.com,9993027458,103806.64,10,9,1,regular,False,2025-05-09 02:52:16
CUST00140,Manoj Mishra,manoj.mishra140@gmail.com,9582897882,8574.85,1,1,0,new,False,2026-03-24 21:44:51
CUST00141,Vikram Gupta,vikram.gupta141@outlook.com,9866990485,569982.61,25,24,1,high_value,False,2025-06-02 04:55:10
CUST00142,Divya Menon,divya.menon142@yahoo.com,9490732457,56776.17,31,27,4,regular,False,2026-07-03 01:01:49
CUST00143,Rahul Patel,rahul.patel143@outlook.com,9201474984,70253.35,21,19,2,regular,False,2024-12-16 18:31:31
CUST00144,Rahul Patel,rahul.patel144@hotmail.com,9812548074,377383.51,103,92,11,high_value,False,2024-12-24 20:54:56
CUST00145,Riya Agarwal,riya.agarwal145@rediffmail.com,9790945624,33461.47,19,14,5,at_risk,False,2025-03-23 10:49:35
CUST00146,Vivaan Joshi,vivaan.joshi146@outlook.com,9293555835,5125.99,3,3,0,new,False,2026-03-20 21:11:26
CUST00147,Kavya Gupta,kavya.gupta147@hotmail.com,9927720428,116023.72,38,37,1,regular,False,2024-12-01 19:13:44
CUST00148,Varun Desai,varun.desai148@yahoo.com,9274211616,110069.93,15,13,2,regular,True,2025-08-17 15:21:07
CUST00149,Vikram Menon,vikram.menon149@outlook.com,9907873857,78360.64,39,37,2,regular,False,2025-05-02 16:56:10
CUST00150,Sanjay Chatterjee,sanjay.chatterjee150@hotmail.com,9573087862,56630.33,29,27,2,regular,False,2026-03-13 16:43:46
CUST00151,Varun Kumar,varun.kumar151@outlook.com,9156027635,133635.2,40,34,6,regular,False,2025-03-15 19:27:39
CUST00152,Kavya Patel,kavya.patel152@yahoo.com,9392907427,86735.86,32,31,1,regular,False,2025-05-21 11:16:20
CUST00153,Vivaan Kapoor,vivaan.kapoor153@gmail.com,9525689202,50651.15,10,9,1,regular,True,2026-05-16 00:20:09
CUST00154,Rahul Kumar,rahul.kumar154@yahoo.com,9141127742,127869.01,13,11,2,regular,False,2024-12-03 23:48:32
CUST00155,Sai Sharma,sai.sharma155@outlook.com,9331557515,24208.15,19,12,7,at_risk,False,2025-12-25 13:02:08
CUST00156,Krishna Verma,krishna.verma156@yahoo.com,9550784243,100965.37,9,9,0,regular,False,2024-12-22 04:28:59
CUST00157,Vivaan Bose,vivaan.bose157@hotmail.com,9717452511,38664.99,32,31,1,regular,False,2025-01-18 08:50:00
CUST00158,Diya Chatterjee,diya.chatterjee158@gmail.com,9662087258,1015.19,4,3,1,new,False,2025-03-24 03:49:27
CUST00159,Vivaan Desai,vivaan.desai159@rediffmail.com,9146744734,147535.12,21,19,2,regular,False,2026-06-17 11:26:47
CUST00160,Anika Mishra,anika.mishra160@gmail.com,9928393291,118368.26,13,13,0,regular,False,2024-11-05 17:37:31
CUST00161,Arun Das,arun.das161@rediffmail.com,9778321204,37530.84,34,33,1,regular,False,2026-02-02 22:28:28
CUST00162,Karan Reddy,karan.reddy162@hotmail.com,9527589822,8145.46,2,2,0,new,False,2025-11-06 11:00:11
CUST00163,Vihaan Bose,vihaan.bose163@outlook.com,9393364102,389212.46,71,63,8,high_value,False,2025-07-26 11:39:22
CUST00164,Diya Chopra,diya.chopra164@rediffmail.com,9494435754,7789.14,0,0,0,new,True,2024-12-17 17:25:48
CUST00165,Rakesh Reddy,rakesh.reddy165@outlook.com,9210163669,579597.49,59,54,5,high_value,False,2026-03-08 07:50:17
CUST00166,Amit Malhotra,amit.malhotra166@gmail.com,9880411013,17339.58,16,11,5,at_risk,False,2026-06-28 21:16:05
CUST00167,Sneha Joshi,sneha.joshi167@hotmail.com,9960170255,40798.27,6,6,0,regular,False,2025-06-03 22:43:59
CUST00168,Ishaan Patel,ishaan.patel168@yahoo.com,9935924516,67079.58,7,6,1,regular,False,2025-08-11 10:27:20
CUST00169,Vikram Patel,vikram.patel169@hotmail.com,9247848992,71744.43,22,21,1,regular,False,2026-02-16 05:49:50
CUST00170,Divya Desai,divya.desai170@hotmail.com,9226444910,53837.67,33,31,2,regular,False,2024-09-14 06:06:58
CUST00171,Aadhya Gupta,aadhya.gupta171@yahoo.com,9179512774,136828.27,33,28,5,regular,False,2025-10-02 11:21:03
CUST00172,Arjun Agarwal,arjun.agarwal172@hotmail.com,9411774120,34797.67,8,4,4,at_risk,False,2026-04-23 16:40:58
CUST00173,Ishaan Nair,ishaan.nair173@rediffmail.com,9128222260,94396.06,34,30,4,regular,False,2024-12-07 20:51:40
CUST00174,Arjun Reddy,arjun.reddy174@rediffmail.com,9869801588,88340.44,31,27,4,regular,True,2025-10-05 00:36:48
CUST00175,Arjun Malhotra,arjun.malhotra175@rediffmail.com,9830261466,36683.5,40,36,4,regular,False,2026-04-15 08:14:56
CUST00176,Lakshmi Verma,lakshmi.verma176@gmail.com,9656307931,41405.42,25,21,4,regular,False,2025-03-12 13:39:30
CUST00177,Sai Iyer,sai.iyer177@yahoo.com,9781887358,4116.77,2,1,1,new,False,2024-11-07 17:51:37
CUST00178,Shreya Pillai,shreya.pillai178@yahoo.com,9283825267,113682.26,26,23,3,regular,False,2026-07-27 21:02:34
CUST00179,Aditya Bose,aditya.bose179@hotmail.com,9384172112,119704.67,31,28,3,regular,True,2024-11-21 04:08:11
CUST00180,Kavya Bose,kavya.bose180@outlook.com,9618558050,124955.41,30,28,2,regular,True,2026-06-25 18:14:41
CUST00181,Vikram Kapoor,vikram.kapoor181@rediffmail.com,9598690974,98865.83,25,22,3,regular,False,2025-09-06 09:29:00
CUST00182,Ishaan Joshi,ishaan.joshi182@hotmail.com,9703068400,307129.61,35,33,2,high_value,False,2026-05-18 22:09:28
CUST00183,Kavya Desai,kavya.desai183@hotmail.com,9548968760,132489.98,15,13,2,regular,False,2025-10-09 17:05:19
CUST00184,Ananya Chopra,ananya.chopra184@hotmail.com,9601238919,60110.26,6,6,0,regular,False,2025-05-14 15:14:08
CUST00185,Saanvi Pillai,saanvi.pillai185@outlook.com,9152246275,471681.23,103,92,11,high_value,False,2026-08-17 20:05:11
CUST00186,Nisha Kumar,nisha.kumar186@outlook.com,9881155839,72423.03,7,6,1,regular,False,2026-02-07 10:48:04
CUST00187,Manoj Reddy,manoj.reddy187@gmail.com,9514838889,119372.53,22,19,3,regular,False,2024-12-08 19:40:28
CUST00188,Ishaan Gupta,ishaan.gupta188@rediffmail.com,9500718660,16867.99,14,7,7,at_risk,False,2025-03-22 09:23:10
CUST00189,Lakshmi Verma,lakshmi.verma189@gmail.com,9141783553,366476.46,80,73,7,high_value,False,2025-03-16 18:54:39
CUST00190,Karan Menon,karan.menon190@outlook.com,9274485243,100145.06,24,22,2,regular,False,2025-03-22 04:37:06
CUST00191,Suresh Das,suresh.das191@hotmail.com,9421897671,22162.8,26,23,3,regular,False,2025-01-05 12:47:53
CUST00192,Vivaan Menon,vivaan.menon192@rediffmail.com,9385111130,11743.56,4,3,1,new,False,2025-01-05 06:30:27
CUST00193,Ananya Bansal,ananya.bansal193@hotmail.com,9931726993,10172.15,10,7,3,at_risk,False,2026-05-05 17:03:14
CUST00194,Vivaan Malhotra,vivaan.malhotra194@outlook.com,9549661921,109765.03,31,28,3,regular,False,2025-04-30 21:43:57
CUST00195,Ishaan Bansal,ishaan.bansal195@yahoo.com,9702247585,106089.48,38,35,3,regular,False,2025-05-12 04:35:22
CUST00196,Rahul Agarwal,rahul.agarwal196@outlook.com,9825708356,30232.36,11,6,5,at_risk,False,2025-12-16 13:50:31
CUST00197,Manoj Reddy,manoj.reddy197@yahoo.com,9419561201,29671.53,18,12,6,at_risk,False,2025-11-18 13:31:19
CUST00198,Krishna Pillai,krishna.pillai198@hotmail.com,9507693523,18808.64,14,6,8,at_risk,False,2025-11-01 22:28:07
CUST00199,Kavya Das,kavya.das199@gmail.com,9471904990,9839.58,3,3,0,new,False,2025-11-21 03:32:16
CUST00200,Neha Kumar,neha.kumar200@gmail.com,9761078179,51106.67,8,7,1,regular,False,2024-11-10 15:31:22
CUST00201,Vihaan Gupta,vihaan.gupta201@rediffmail.com,9454650074,33070.84,13,13,0,regular,False,2026-03-17 09:11:06
CUST00202,Deepak Chopra,deepak.chopra202@yahoo.com,9911653317,4817.52,0,0,0,new,False,2025-01-15 15:32:43
CUST00203,Rakesh Mishra,rakesh.mishra203@gmail.com,9287974375,128888.64,7,6,1,regular,False,2025-04-05 17:13:00
CUST00204,Kavya Verma,kavya.verma204@gmail.com,9420396197,33949.09,26,25,1,regular,False,2025-02-15 04:54:37
CUST00205,Suresh Kumar,suresh.kumar205@hotmail.com,9602533479,125145.8,26,25,1,regular,False,2025-12-05 17:13:15
CUST00206,Aarav Mishra,aarav.mishra206@outlook.com,9949080318,107672.15,17,16,1,regular,False,2025-07-06 08:25:41
CUST00207,Lakshmi Mehta,lakshmi.mehta207@gmail.com,9530391423,44021.56,13,12,1,regular,False,2026-08-19 14:30:19
CUST00208,Pooja Nair,pooja.nair208@rediffmail.com,9909340042,62851.29,5,5,0,regular,False,2025-12-27 21:44:18
CUST00209,Krishna Malhotra,krishna.malhotra209@outlook.com,9271494637,85327.66,24,21,3,regular,False,2025-10-27 10:37:06
CUST00210,Nikhil Nair,nikhil.nair210@yahoo.com,9243418388,79147.23,28,26,2,regular,False,2025-04-30 04:25:47
CUST00211,Saanvi Nair,saanvi.nair211@hotmail.com,9945432844,440386.19,110,103,7,high_value,False,2026-05-03 21:45:06
CUST00212,Manoj Bansal,manoj.bansal212@yahoo.com,9714933740,41389.83,38,35,3,regular,False,2025-01-05 06:12:09
CUST00213,Sai Bansal,sai.bansal213@rediffmail.com,9968326513,235763.82,73,67,6,high_value,True,2025-05-09 12:46:48
CUST00214,Vivaan Desai,vivaan.desai214@outlook.com,9976659977,291635.85,29,28,1,high_value,False,2026-06-21 04:17:49
CUST00215,Vihaan Patel,vihaan.patel215@rediffmail.com,9134075063,43397.57,13,11,2,regular,False,2024-11-02 08:41:43
CUST00216,Sanjay Desai,sanjay.desai216@rediffmail.com,9505333621,108754.95,39,38,1,regular,False,2026-04-26 17:30:08
CUST00217,Rakesh Desai,rakesh.desai217@hotmail.com,9236737888,48949.73,5,4,1,regular,False,2025-05-08 04:10:39
CUST00218,Nisha Agarwal,nisha.agarwal218@rediffmail.com,9984076542,79881.29,14,13,1,regular,False,2026-05-02 22:49:38
CUST00219,Meera Menon,meera.menon219@gmail.com,9358413465,33116.57,7,6,1,regular,False,2026-07-07 15:05:23
CUST00220,Aditya Desai,aditya.desai220@rediffmail.com,9351619881,118070.14,8,8,0,regular,False,2025-12-29 03:01:29
CUST00221,Karan Pillai,karan.pillai221@hotmail.com,9929506584,61686.47,24,21,3,regular,False,2025-03-10 15:57:08
CUST00222,Meera Reddy,meera.reddy222@outlook.com,9165452764,96916.73,16,14,2,regular,False,2025-04-05 22:17:35
CUST00223,Amit Bose,amit.bose223@rediffmail.com,9943751263,110520.09,31,30,1,regular,False,2025-02-21 06:45:35
CUST00224,Anika Nair,anika.nair224@outlook.com,9859754807,450966.35,27,24,3,high_value,False,2025-02-01 04:42:13
CUST00225,Ishaan Desai,ishaan.desai225@yahoo.com,9373799489,104071.76,33,29,4,regular,False,2026-02-11 22:07:25
CUST00226,Neha Desai,neha.desai226@hotmail.com,9747382621,197309.81,117,106,11,high_value,False,2026-01-15 06:32:45
CUST00227,Saanvi Mehta,saanvi.mehta227@outlook.com,9116464447,44703.08,12,11,1,regular,False,2025-12-20 01:59:40
CUST00228,Saanvi Desai,saanvi.desai228@yahoo.com,9692790631,56797.7,34,31,3,regular,False,2025-12-01 10:54:21
CUST00229,Lakshmi Chopra,lakshmi.chopra229@rediffmail.com,9205879779,30284.48,13,6,7,at_risk,False,2025-06-28 22:20:08
CUST00230,Anjali Nair,anjali.nair230@yahoo.com,9117415986,141518.57,31,29,2,regular,False,2026-01-02 10:10:14
CUST00231,Anjali Nair,anjali.nair231@rediffmail.com,9691247918,109030.06,21,18,3,regular,False,2024-11-06 06:08:17
CUST00232,Arun Singh,arun.singh232@outlook.com,9281747678,505255.11,43,37,6,high_value,False,2024-11-06 21:51:42
CUST00233,Divya Verma,divya.verma233@gmail.com,9978316418,119364.05,31,30,1,regular,False,2026-06-17 18:30:05
CUST00234,Aarav Rao,aarav.rao234@hotmail.com,9589636644,100318.58,35,31,4,regular,True,2025-02-27 03:54:55
CUST00235,Meera Sharma,meera.sharma235@gmail.com,9668457864,89645.95,23,22,1,regular,False,2024-10-04 08:19:24
CUST00236,Diya Gupta,diya.gupta236@gmail.com,9663054538,274755.84,87,82,5,high_value,False,2025-07-15 21:07:23
CUST00237,Sanjay Desai,sanjay.desai237@rediffmail.com,9706666479,110640.72,24,21,3,regular,False,2024-10-25 00:20:18
CUST00238,Aditya Patel,aditya.patel238@rediffmail.com,9507231644,81880.66,5,4,1,regular,False,2025-06-07 00:31:11
CUST00239,Rahul Pillai,rahul.pillai239@gmail.com,9667106600,3446.5,4,3,1,new,True,2026-06-10 13:47:31
CUST00240,Rakesh Pillai,rakesh.pillai240@gmail.com,9292580427,4717.27,1,1,0,new,False,2024-08-26 09:29:55
CUST00241,Arjun Reddy,arjun.reddy241@yahoo.com,9705545509,128504.57,29,26,3,regular,False,2025-07-28 18:54:17
CUST00242,Sai Bansal,sai.bansal242@outlook.com,9157656107,300893.6,29,27,2,high_value,False,2024-12-24 09:33:24
CUST00243,Karan Sharma,karan.sharma243@outlook.com,9941328406,7359.05,2,2,0,new,False,2026-02-16 02:40:09
CUST00244,Pooja Patel,pooja.patel244@hotmail.com,9417161302,29958.8,5,3,2,at_risk,False,2024-11-14 18:22:59
CUST00245,Pooja Mehta,pooja.mehta245@outlook.com,9214408183,762924.15,76,71,5,high_value,False,2026-04-12 20:49:18
CUST00246,Diya Kapoor,diya.kapoor246@rediffmail.com,9698058121,73045.74,6,6,0,regular,False,2024-12-22 02:13:34
CUST00247,Karan Desai,karan.desai247@gmail.com,9413368711,121291.98,40,34,6,regular,False,2025-01-17 05:01:38
CUST00248,Ananya Chatterjee,ananya.chatterjee248@rediffmail.com,9282001119,345735.32,83,80,3,high_value,False,2025-11-16 08:40:06
CUST00249,Riya Chopra,riya.chopra249@gmail.com,9487754927,52056.71,36,33,3,regular,False,2026-05-08 19:04:02
CUST00250,Riya Sharma,riya.sharma250@rediffmail.com,9456715514,18296.15,13,8,5,at_risk,False,2024-10-28 02:21:32
CUST00251,Ishaan Reddy,ishaan.reddy251@outlook.com,9747693166,3012.77,2,2,0,new,False,2025-10-03 13:23:20
CUST00252,Suresh Pillai,suresh.pillai252@yahoo.com,9449917685,126144.29,30,28,2,regular,False,2026-02-02 02:26:16
CUST00253,Rakesh Singh,rakesh.singh253@hotmail.com,9128900946,6924.33,1,1,0,new,False,2024-09-15 21:28:56
CUST00254,Meera Chatterjee,meera.chatterjee254@rediffmail.com,9249442440,51462.75,14,12,2,regular,False,2026-06-11 07:39:00
CUST00255,Varun Chopra,varun.chopra255@hotmail.com,9530361198,140054.45,31,28,3,regular,False,2025-08-22 04:27:07
CUST00256,Varun Bose,varun.bose256@gmail.com,9217434526,28016.06,14,10,4,at_risk,False,2025-01-26 00:30:55
CUST00257,Sneha Mehta,sneha.mehta257@rediffmail.com,9213757100,318179.94,85,75,10,high_value,False,2024-09-20 03:03:23
CUST00258,Myra Malhotra,myra.malhotra258@outlook.com,9519977113,108342.21,37,36,1,regular,False,2025-04-18 20:11:37
CUST00259,Kavya Kapoor,kavya.kapoor259@gmail.com,9224628497,30555.28,14,9,5,at_risk,False,2026-01-26 05:01:37
CUST00260,Deepak Joshi,deepak.joshi260@rediffmail.com,9204821934,110579.22,25,24,1,regular,True,2024-08-28 19:48:36
CUST00261,Vivaan Mehta,vivaan.mehta261@gmail.com,9827072823,37547.29,10,6,4,at_risk,False,2025-09-21 03:37:00
CUST00262,Nisha Malhotra,nisha.malhotra262@yahoo.com,9956583753,43978.73,32,30,2,regular,False,2026-02-04 07:37:54
CUST00263,Shreya Kapoor,shreya.kapoor263@rediffmail.com,9104778194,46751.98,9,8,1,regular,False,2025-02-22 17:11:35
CUST00264,Sanjay Mehta,sanjay.mehta264@yahoo.com,9591291025,585955.93,82,75,7,high_value,False,2024-12-22 09:51:01
CUST00265,Nikhil Desai,nikhil.desai265@hotmail.com,9222655758,129917.31,16,14,2,regular,False,2025-10-25 01:37:39
CUST00266,Shreya Patel,shreya.patel266@yahoo.com,9436280635,348497.0,43,40,3,high_value,False,2025-07-24 08:46:21
CUST00267,Varun Kumar,varun.kumar267@hotmail.com,9512005439,83267.13,39,35,4,regular,False,2026-03-01 03:47:47
CUST00268,Ananya Chopra,ananya.chopra268@outlook.com,9250642261,129458.08,8,7,1,regular,False,2025-04-16 19:01:45
CUST00269,Aadhya Desai,aadhya.desai269@hotmail.com,9642709938,73187.47,36,33,3,regular,False,2025-04-12 17:54:38
CUST00270,Sai Pillai,sai.pillai270@gmail.com,9954570592,15223.15,11,8,3,at_risk,False,2025-05-14 03:24:20
CUST00271,Suresh Agarwal,suresh.agarwal271@hotmail.com,9221559383,54825.56,39,34,5,regular,False,2026-07-14 07:55:50
CUST00272,Rakesh Rao,rakesh.rao272@rediffmail.com,9209968815,104977.32,20,19,1,regular,False,2025-05-22 14:25:53
CUST00273,Amit Patel,amit.patel273@rediffmail.com,9226042285,13293.11,14,7,7,at_risk,False,2025-06-13 17:57:25
CUST00274,Nikhil Kumar,nikhil.kumar274@yahoo.com,9973521043,27716.52,27,25,2,regular,False,2026-03-06 12:12:59
CUST00275,Kavya Reddy,kavya.reddy275@hotmail.com,9387057426,7716.22,0,0,0,new,False,2025-06-30 21:50:30
CUST00276,Neha Bose,neha.bose276@yahoo.com,9853150998,13738.7,13,7,6,at_risk,False,2024-10-02 09:42:08
CUST00277,Suresh Kumar,suresh.kumar277@hotmail.com,9779036456,73849.26,33,32,1,regular,False,2026-05-22 09:19:58
CUST00278,Lakshmi Mishra,lakshmi.mishra278@outlook.com,9845932321,5536.07,3,2,1,new,True,2026-05-22 07:18:31
CUST00279,Amit Patel,amit.patel279@hotmail.com,9527044165,75853.6,18,16,2,regular,False,2025-11-08 11:42:10
CUST00280,Manoj Pillai,manoj.pillai280@yahoo.com,9707890457,32590.63,4,3,1,at_risk,False,2025-05-12 23:24:26
CUST00281,Krishna Singh,krishna.singh281@rediffmail.com,9590182620,772720.65,45,38,7,high_value,False,2024-10-29 13:00:34
CUST00282,Ananya Iyer,ananya.iyer282@gmail.com,9802858478,30714.67,15,15,0,regular,False,2024-09-08 15:28:31
CUST00283,Nisha Bose,nisha.bose283@gmail.com,9855590022,288723.77,29,28,1,high_value,False,2024-09-28 07:47:45
CUST00284,Aarav Sharma,aarav.sharma284@outlook.com,9977364141,709221.19,108,104,4,high_value,True,2025-07-29 20:44:52
CUST00285,Reyansh Gupta,reyansh.gupta285@outlook.com,9494666352,9799.53,7,4,3,at_risk,False,2026-06-16 04:41:06
CUST00286,Anjali Sharma,anjali.sharma286@hotmail.com,9797953888,65654.4,18,16,2,regular,False,2025-06-30 01:34:10
CUST00287,Vikram Rao,vikram.rao287@gmail.com,9207873599,230052.19,113,105,8,high_value,False,2025-10-07 18:54:33
CUST00288,Anika Iyer,anika.iyer288@gmail.com,9366467312,98001.02,23,20,3,regular,False,2024-10-20 13:01:03
CUST00289,Saanvi Bansal,saanvi.bansal289@hotmail.com,9647095694,70927.63,8,7,1,regular,False,2025-12-23 05:58:55
CUST00290,Pooja Gupta,pooja.gupta290@yahoo.com,9636422667,29231.56,5,4,1,regular,False,2026-04-12 09:54:57
CUST00291,Anjali Kapoor,anjali.kapoor291@outlook.com,9686645526,119154.37,9,9,0,regular,True,2025-11-30 16:08:43
CUST00292,Aditya Verma,aditya.verma292@rediffmail.com,9643968992,112641.78,31,29,2,regular,False,2024-11-08 04:27:52
CUST00293,Rakesh Menon,rakesh.menon293@yahoo.com,9397928718,201364.02,46,39,7,high_value,False,2025-09-25 09:46:27
CUST00294,Shreya Bose,shreya.bose294@gmail.com,9433041955,114894.59,20,19,1,regular,False,2025-06-07 19:46:38
CUST00295,Arun Menon,arun.menon295@hotmail.com,9159086532,116420.16,16,15,1,regular,False,2024-09-06 23:35:13
CUST00296,Ananya Chopra,ananya.chopra296@outlook.com,9661572729,126925.89,21,20,1,regular,False,2025-11-23 19:42:07
CUST00297,Vivaan Mehta,vivaan.mehta297@rediffmail.com,9392036942,54183.45,9,8,1,regular,False,2026-06-30 05:48:36
CUST00298,Anjali Singh,anjali.singh298@outlook.com,9268910304,33377.64,12,11,1,regular,False,2026-07-11 23:33:10
CUST00299,Anika Verma,anika.verma299@rediffmail.com,9490816787,39511.01,7,6,1,regular,False,2024-10-23 08:43:53
CUST00300,Myra Mehta,myra.mehta300@yahoo.com,9546952114,4799.03,0,0,0,new,False,2024-10-05 22:04:57
CUST00301,Diya Nair,diya.nair301@hotmail.com,9149315449,1033.9,3,2,1,new,False,2025-10-11 12:05:01
CUST00302,Sai Agarwal,sai.agarwal302@rediffmail.com,9108556837,57907.36,24,21,3,regular,False,2025-08-13 02:27:26
CUST00303,Suresh Rao,suresh.rao303@hotmail.com,9916561565,10269.82,16,12,4,at_risk,False,2024-11-12 23:39:03
CUST00304,Rahul Sharma,rahul.sharma304@rediffmail.com,9892510222,33513.37,38,32,6,regular,False,2026-06-25 18:48:59
CUST00305,Neha Patel,neha.patel305@gmail.com,9348541776,23191.57,14,9,5,at_risk,False,2025-01-08 20:31:13
CUST00306,Lakshmi Kumar,lakshmi.kumar306@rediffmail.com,9180348617,28096.77,13,12,1,regular,False,2025-10-07 09:41:35
CUST00307,Karan Mehta,karan.mehta307@rediffmail.com,9392010397,142662.11,13,11,2,regular,False,2026-03-19 20:09:12
CUST00308,Ananya Malhotra,ananya.malhotra308@rediffmail.com,9437190678,89670.19,18,17,1,regular,False,2026-04-25 20:42:29
CUST00309,Ananya Chatterjee,ananya.chatterjee309@outlook.com,9987325945,98429.32,18,16,2,regular,False,2026-05-24 14:57:46
CUST00310,Amit Desai,amit.desai310@hotmail.com,9152560325,53821.68,16,16,0,regular,False,2025-05-19 03:45:31
CUST00311,Manoj Nair,manoj.nair311@gmail.com,9596115163,665976.33,35,34,1,high_value,False,2026-01-10 19:14:27
CUST00312,Aadhya Desai,aadhya.desai312@outlook.com,9836893185,103809.05,21,18,3,regular,True,2026-06-20 16:48:01
CUST00313,Vikram Kumar,vikram.kumar313@gmail.com,9990514408,9288.47,17,12,5,at_risk,False,2025-06-08 09:37:07
CUST00314,Suresh Sharma,suresh.sharma314@rediffmail.com,9833594284,66012.62,16,15,1,regular,False,2026-03-26 22:44:19
CUST00315,Nikhil Menon,nikhil.menon315@hotmail.com,9363909394,84855.91,40,37,3,regular,False,2025-07-29 19:00:13
CUST00316,Meera Rao,meera.rao316@hotmail.com,9367520363,124281.85,6,5,1,regular,False,2025-08-23 06:32:07
CUST00317,Rakesh Chopra,rakesh.chopra317@outlook.com,9707363258,70489.57,16,16,0,regular,False,2026-07-26 13:46:18
CUST00318,Vihaan Chopra,vihaan.chopra318@hotmail.com,9483790644,39986.2,8,6,2,at_risk,False,2025-11-26 04:34:09
CUST00319,Vihaan Nair,vihaan.nair319@hotmail.com,9956191734,141576.78,16,15,1,regular,False,2024-09-10 10:56:14
CUST00320,Shreya Sharma,shreya.sharma320@outlook.com,9709511014,93204.16,17,15,2,regular,False,2025-04-08 04:15:43
CUST00321,Riya Singh,riya.singh321@rediffmail.com,9140763261,301205.18,48,47,1,high_value,False,2025-09-20 01:38:25
CUST00322,Aadhya Kumar,aadhya.kumar322@outlook.com,9869805921,124315.18,25,24,1,regular,False,2024-09-03 18:50:34
CUST00323,Krishna Bansal,krishna.bansal323@outlook.com,9177880216,142450.02,30,27,3,regular,False,2025-09-29 19:01:56
CUST00324,Ananya Mishra,ananya.mishra324@rediffmail.com,9950234433,83336.0,25,24,1,regular,False,2024-09-14 01:39:20
CUST00325,Amit Nair,amit.nair325@hotmail.com,9974513582,59887.02,23,22,1,regular,False,2024-09-06 03:08:38
CUST00326,Sneha Pillai,sneha.pillai326@gmail.com,9295508799,139734.97,19,17,2,regular,False,2025-04-04 18:52:46
CUST00327,Rahul Mishra,rahul.mishra327@gmail.com,9355546183,61537.43,10,9,1,regular,False,2025-09-16 07:44:20
CUST00328,Aarav Iyer,aarav.iyer328@yahoo.com,9367942460,65562.55,11,10,1,regular,True,2025-06-03 08:43:16
CUST00329,Ananya Kapoor,ananya.kapoor329@rediffmail.com,9506639535,68795.18,35,31,4,regular,False,2024-09-21 15:47:13
CUST00330,Ananya Malhotra,ananya.malhotra330@gmail.com,9958128631,15321.8,13,9,4,at_risk,False,2025-09-09 17:48:24
CUST00331,Pooja Singh,pooja.singh331@gmail.com,9687386446,14670.62,2,2,0,new,False,2025-04-18 22:52:18
CUST00332,Nisha Bose,nisha.bose332@yahoo.com,9752102334,10498.63,6,4,2,at_risk,False,2025-07-02 03:49:32
CUST00333,Rakesh Iyer,rakesh.iyer333@outlook.com,9419331516,26452.61,40,35,5,regular,False,2025-08-21 23:51:40
CUST00334,Nisha Patel,nisha.patel334@outlook.com,9984652998,98028.02,17,16,1,regular,False,2024-11-10 13:22:32
CUST00335,Sai Chopra,sai.chopra335@gmail.com,9431091936,21483.06,11,8,3,at_risk,False,2026-02-17 10:29:30
CUST00336,Pooja Joshi,pooja.joshi336@yahoo.com,9578647558,435831.27,53,50,3,high_value,False,2026-06-23 18:29:52
CUST00337,Reyansh Patel,reyansh.patel337@outlook.com,9967776836,146191.72,19,17,2,regular,False,2025-03-08 08:45:30
CUST00338,Rakesh Chatterjee,rakesh.chatterjee338@rediffmail.com,9714947283,21669.18,5,3,2,at_risk,False,2026-07-21 05:43:09
CUST00339,Anjali Bansal,anjali.bansal339@hotmail.com,9827497537,2211.71,3,3,0,new,False,2026-01-21 16:59:00
CUST00340,Ishaan Verma,ishaan.verma340@rediffmail.com,9184147554,6530.9,1,1,0,new,False,2026-06-18 20:49:54
CUST00341,Pooja Agarwal,pooja.agarwal341@rediffmail.com,9692763677,55906.11,34,29,5,regular,True,2024-09-07 01:18:55
CUST00342,Shreya Bansal,shreya.bansal342@rediffmail.com,9220816186,39265.97,11,9,2,regular,False,2026-05-14 13:35:02
CUST00343,Rakesh Joshi,rakesh.joshi343@rediffmail.com,9383614547,83126.02,35,34,1,regular,False,2026-03-31 01:29:26
CUST00344,Varun Chatterjee,varun.chatterjee344@rediffmail.com,9141642429,134264.49,20,19,1,regular,False,2025-11-23 10:26:24
CUST00345,Vivaan Mehta,vivaan.mehta345@outlook.com,9433879270,83910.5,11,9,2,regular,False,2025-10-22 07:52:01
CUST00346,Karan Iyer,karan.iyer346@rediffmail.com,9749591392,44431.64,18,16,2,regular,False,2025-04-16 05:11:42
CUST00347,Sanjay Verma,sanjay.verma347@hotmail.com,9949856342,60446.0,37,34,3,regular,False,2025-03-07 03:17:43
CUST00348,Vivaan Singh,vivaan.singh348@yahoo.com,9994351711,27491.58,7,6,1,regular,False,2024-09-03 16:45:03
CUST00349,Neha Joshi,neha.joshi349@rediffmail.com,9642375317,139999.56,6,6,0,regular,False,2025-05-26 17:32:04
CUST00350,Deepak Pillai,deepak.pillai350@hotmail.com,9475551835,128894.99,21,19,2,regular,False,2025-11-07 23:00:03
CUST00351,Pooja Verma,pooja.verma351@yahoo.com,9714457408,12501.15,10,6,4,at_risk,False,2025-11-23 00:16:36
CUST00352,Meera Bansal,meera.bansal352@gmail.com,9937844678,10233.0,3,2,1,new,False,2024-12-18 23:41:31
CUST00353,Myra Iyer,myra.iyer353@hotmail.com,9964454042,10691.11,2,2,0,new,False,2025-09-02 07:17:19
CUST00354,Priya Rao,priya.rao354@rediffmail.com,9424425818,127160.41,30,27,3,regular,True,2024-10-16 10:22:29
CUST00355,Manoj Bose,manoj.bose355@hotmail.com,9753962570,108973.71,35,34,1,regular,False,2024-11-08 12:09:44
CUST00356,Neha Iyer,neha.iyer356@outlook.com,9302250101,647558.35,27,24,3,high_value,False,2024-12-19 09:17:15
CUST00357,Karan Chatterjee,karan.chatterjee357@yahoo.com,9874471936,473292.34,57,54,3,high_value,False,2025-07-24 22:42:51
CUST00358,Shreya Das,shreya.das358@hotmail.com,9976189113,114451.48,19,17,2,regular,False,2025-04-25 10:56:52
CUST00359,Lakshmi Reddy,lakshmi.reddy359@yahoo.com,9806108387,11339.76,6,4,2,at_risk,False,2025-01-30 17:20:05
CUST00360,Rahul Bose,rahul.bose360@gmail.com,9338642889,116747.29,24,22,2,regular,False,2025-08-10 14:30:48
CUST00361,Shreya Reddy,shreya.reddy361@rediffmail.com,9226466892,132631.14,9,8,1,regular,False,2026-04-25 10:06:14
CUST00362,Divya Reddy,divya.reddy362@rediffmail.com,9158048598,10277.25,9,6,3,at_risk,False,2025-05-14 18:47:08
CUST00363,Karan Das,karan.das363@yahoo.com,9936381727,366209.14,42,39,3,high_value,True,2025-05-20 14:02:29
CUST00364,Saanvi Singh,saanvi.singh364@hotmail.com,9920858166,122077.42,10,10,0,regular,False,2025-06-12 09:18:47
CUST00365,Nisha Chopra,nisha.chopra365@rediffmail.com,9105013454,279619.26,67,57,10,high_value,False,2025-02-28 17:03:41
CUST00366,Vivaan Chatterjee,vivaan.chatterjee366@gmail.com,9772899961,49414.54,27,25,2,regular,False,2025-03-28 02:34:02
CUST00367,Riya Singh,riya.singh367@gmail.com,9984595578,766501.19,78,69,9,high_value,False,2025-09-14 08:12:39
CUST00368,Ishaan Mehta,ishaan.mehta368@rediffmail.com,9485742696,10770.92,15,11,4,at_risk,False,2026-04-13 16:18:39
CUST00369,Vivaan Pillai,vivaan.pillai369@hotmail.com,9281445989,612221.56,24,22,2,high_value,False,2025-02-24 01:18:45
CUST00370,Vihaan Menon,vihaan.menon370@gmail.com,9810784787,693478.01,26,23,3,high_value,False,2025-08-01 19:30:01
CUST00371,Manoj Iyer,manoj.iyer371@rediffmail.com,9853625262,110374.96,5,5,0,regular,False,2024-10-16 05:03:23
CUST00372,Neha Menon,neha.menon372@hotmail.com,9852399189,689924.27,33,30,3,high_value,False,2025-11-09 19:50:57
CUST00373,Reyansh Chopra,reyansh.chopra373@yahoo.com,9753910715,54189.21,38,32,6,regular,False,2025-07-02 13:14:48
CUST00374,Ananya Verma,ananya.verma374@hotmail.com,9632956813,10323.06,3,2,1,new,True,2024-10-07 20:45:35
CUST00375,Krishna Pillai,krishna.pillai375@rediffmail.com,9260142678,11692.89,0,0,0,new,False,2025-12-06 00:32:26
CUST00376,Myra Malhotra,myra.malhotra376@outlook.com,9383602087,32975.16,16,14,2,regular,False,2025-08-22 12:36:53
CUST00377,Nisha Mishra,nisha.mishra377@gmail.com,9202003827,36160.22,3,1,2,at_risk,False,2026-03-04 12:02:02
CUST00378,Amit Malhotra,amit.malhotra378@hotmail.com,9388095021,8253.3,13,9,4,at_risk,False,2025-05-15 14:06:11
CUST00379,Pooja Das,pooja.das379@rediffmail.com,9958885115,135196.11,15,14,1,regular,False,2026-06-26 18:11:48
CUST00380,Reyansh Kapoor,reyansh.kapoor380@hotmail.com,9618268171,28743.76,8,5,3,at_risk,False,2024-12-07 22:57:03
CUST00381,Ishaan Chopra,ishaan.chopra381@rediffmail.com,9221265692,20424.08,5,3,2,at_risk,False,2024-09-03 04:53:32
CUST00382,Anjali Mishra,anjali.mishra382@hotmail.com,9340501969,10047.67,2,2,0,new,False,2024-11-30 20:31:57
CUST00383,Nisha Chatterjee,nisha.chatterjee383@yahoo.com,9617468048,107918.42,29,28,1,regular,False,2024-12-06 22:00:48
CUST00384,Aarav Bose,aarav.bose384@yahoo.com,9642849045,34815.49,8,6,2,at_risk,False,2025-12-22 11:57:09
CUST00385,Neha Verma,neha.verma385@hotmail.com,9339129305,69222.89,20,19,1,regular,False,2025-01-16 07:41:07
CUST00386,Sai Chopra,sai.chopra386@rediffmail.com,9439368482,473292.68,103,101,2,high_value,False,2026-07-20 03:42:56
CUST00387,Manoj Sharma,manoj.sharma387@gmail.com,9950170825,100478.6,24,21,3,regular,False,2024-10-24 07:23:24
CUST00388,Rahul Joshi,rahul.joshi388@gmail.com,9976805431,79079.8,40,35,5,regular,False,2024-10-22 10:46:23
CUST00389,Vikram Gupta,vikram.gupta389@gmail.com,9915313588,20285.6,27,24,3,regular,False,2025-10-31 04:03:34
CUST00390,Divya Joshi,divya.joshi390@gmail.com,9149153870,22234.77,16,11,5,at_risk,False,2026-02-14 19:36:14
CUST00391,Sneha Rao,sneha.rao391@rediffmail.com,9985358270,30087.58,6,3,3,at_risk,True,2024-11-15 02:33:44
CUST00392,Krishna Malhotra,krishna.malhotra392@rediffmail.com,9807012492,85545.68,36,35,1,regular,False,2025-02-05 08:14:31
CUST00393,Shreya Chopra,shreya.chopra393@hotmail.com,9938679870,2658.04,4,3,1,new,False,2026-05-11 09:53:42
CUST00394,Varun Menon,varun.menon394@outlook.com,9641284117,19653.27,10,7,3,at_risk,False,2025-10-28 07:30:45
CUST00395,Ishaan Kumar,ishaan.kumar395@rediffmail.com,9746955700,117295.49,24,21,3,regular,False,2025-10-08 03:50:41
CUST00396,Saanvi Rao,saanvi.rao396@yahoo.com,9770194841,109259.47,13,11,2,regular,False,2026-02-24 05:39:14
CUST00397,Rakesh Das,rakesh.das397@outlook.com,9862735437,378954.57,81,73,8,high_value,False,2024-08-28 08:48:01
CUST00398,Rakesh Reddy,rakesh.reddy398@rediffmail.com,9967910655,219205.8,68,65,3,high_value,False,2026-02-02 14:16:47
CUST00399,Ananya Reddy,ananya.reddy399@outlook.com,9257226287,29170.82,12,8,4,at_risk,False,2025-08-23 07:31:18
CUST00400,Reyansh Menon,reyansh.menon400@hotmail.com,9340848222,92965.17,20,18,2,regular,False,2024-09-12 13:31:39
CUST00401,Vihaan Desai,vihaan.desai401@rediffmail.com,9547284589,14637.34,2,1,1,new,True,2025-12-11 16:36:21
CUST00402,Nikhil Malhotra,nikhil.malhotra402@yahoo.com,9780525215,104192.21,39,34,5,regular,False,2026-02-08 13:17:22
CUST00403,Vikram Singh,vikram.singh403@gmail.com,9300764570,11026.19,0,0,0,new,False,2025-02-02 14:22:46
CUST00404,Ishaan Singh,ishaan.singh404@hotmail.com,9373821508,453115.37,39,38,1,high_value,False,2024-12-22 22:08:55
CUST00405,Nikhil Chatterjee,nikhil.chatterjee405@outlook.com,9626725060,24255.61,5,3,2,at_risk,False,2026-01-12 17:18:20
CUST00406,Divya Patel,divya.patel406@hotmail.com,9271122762,89814.67,10,9,1,regular,False,2024-10-15 11:55:00
CUST00407,Rahul Joshi,rahul.joshi407@outlook.com,9334553833,9274.21,3,2,1,new,False,2024-10-30 23:40:47
CUST00408,Krishna Chatterjee,krishna.chatterjee408@outlook.com,9578531560,103494.37,20,17,3,regular,False,2025-10-01 10:06:53
CUST00409,Krishna Desai,krishna.desai409@outlook.com,9680075399,23211.74,38,33,5,regular,False,2025-03-23 07:46:40
CUST00410,Suresh Verma,suresh.verma410@outlook.com,9799573076,86806.31,11,11,0,regular,False,2025-02-21 04:35:12
CUST00411,Aarav Bose,aarav.bose411@gmail.com,9326324885,120565.69,32,28,4,regular,False,2024-09-05 08:09:13
CUST00412,Arjun Mishra,arjun.mishra412@yahoo.com,9125504528,63123.0,10,10,0,regular,False,2025-12-11 03:40:51
CUST00413,Arjun Pillai,arjun.pillai413@yahoo.com,9377721135,78646.34,30,28,2,regular,True,2024-10-05 19:41:34
CUST00414,Rakesh Sharma,rakesh.sharma414@hotmail.com,9167900845,25496.28,5,3,2,at_risk,False,2025-11-02 13:01:42
CUST00415,Varun Patel,varun.patel415@outlook.com,9921706952,5721.2,0,0,0,new,False,2026-04-08 09:45:52
CUST00416,Rakesh Reddy,rakesh.reddy416@yahoo.com,9420035728,138841.96,28,24,4,regular,True,2025-02-03 18:51:10
CUST00417,Krishna Verma,krishna.verma417@gmail.com,9714951911,89829.77,10,9,1,regular,False,2025-09-07 16:17:28
CUST00418,Meera Bose,meera.bose418@hotmail.com,9252960017,48702.44,21,20,1,regular,False,2025-01-22 22:01:12
CUST00419,Manoj Malhotra,manoj.malhotra419@hotmail.com,9178538388,28757.16,11,10,1,regular,False,2025-09-21 10:59:50
CUST00420,Ishaan Chatterjee,ishaan.chatterjee420@yahoo.com,9207422565,29075.16,17,16,1,regular,False,2024-12-02 12:52:15
CUST00421,Shreya Kumar,shreya.kumar421@hotmail.com,9708663326,61123.31,32,31,1,regular,False,2026-01-11 00:40:05
CUST00422,Nisha Iyer,nisha.iyer422@outlook.com,9244209787,63103.18,35,32,3,regular,False,2025-10-17 06:16:12
CUST00423,Manoj Gupta,manoj.gupta423@yahoo.com,9793155758,129433.09,13,11,2,regular,False,2024-11-22 21:12:58
CUST00424,Arjun Sharma,arjun.sharma424@hotmail.com,9778203785,528228.82,71,62,9,high_value,False,2026-07-19 03:55:02
CUST00425,Priya Agarwal,priya.agarwal425@hotmail.com,9606917752,39322.29,30,29,1,regular,False,2025-11-01 19:07:32
CUST00426,Arun Bansal,arun.bansal426@hotmail.com,9197231642,85281.75,20,17,3,regular,False,2024-12-05 17:57:43
CUST00427,Lakshmi Kumar,lakshmi.kumar427@rediffmail.com,9270963770,143332.54,14,12,2,regular,False,2025-08-23 22:31:43
CUST00428,Myra Chopra,myra.chopra428@yahoo.com,9167496657,50422.43,18,16,2,regular,False,2025-07-24 06:53:59
CUST00429,Arun Verma,arun.verma429@gmail.com,9796348146,111485.71,38,34,4,regular,False,2025-11-29 02:55:58
CUST00430,Rakesh Pillai,rakesh.pillai430@yahoo.com,9504435133,67488.58,9,8,1,regular,False,2026-01-09 05:11:59
CUST00431,Sneha Joshi,sneha.joshi431@outlook.com,9622763616,36051.02,3,2,1,at_risk,False,2026-03-09 15:37:35
CUST00432,Arjun Bansal,arjun.bansal432@outlook.com,9327114760,40456.46,12,11,1,regular,False,2025-09-21 19:52:25
CUST00433,Deepak Chatterjee,deepak.chatterjee433@rediffmail.com,9614345062,40962.01,31,30,1,regular,True,2025-01-15 02:26:00
CUST00434,Ananya Kumar,ananya.kumar434@hotmail.com,9142080866,10140.28,8,5,3,at_risk,False,2025-07-06 02:10:42
CUST00435,Anjali Bose,anjali.bose435@gmail.com,9872608028,126769.43,10,10,0,regular,False,2025-04-30 06:27:47
CUST00436,Ananya Nair,ananya.nair436@rediffmail.com,9745145663,528719.99,118,113,5,high_value,False,2025-11-28 17:53:37
CUST00437,Rahul Malhotra,rahul.malhotra437@hotmail.com,9734147620,395837.38,36,35,1,high_value,False,2025-03-27 08:42:57
CUST00438,Rohan Menon,rohan.menon438@gmail.com,9290505619,99917.26,7,6,1,regular,False,2026-04-27 20:36:26
CUST00439,Deepak Chatterjee,deepak.chatterjee439@yahoo.com,9747975975,20156.03,32,29,3,regular,False,2026-07-12 04:42:36
CUST00440,Nisha Nair,nisha.nair440@rediffmail.com,9947778851,17268.12,6,4,2,at_risk,False,2025-12-30 20:56:54
CUST00441,Kavya Menon,kavya.menon441@hotmail.com,9538781057,20711.03,5,5,0,regular,False,2026-08-18 10:20:45
CUST00442,Saanvi Das,saanvi.das442@outlook.com,9538994061,40121.22,21,20,1,regular,False,2025-01-24 10:41:15
CUST00443,Nikhil Iyer,nikhil.iyer443@rediffmail.com,9910644910,91773.64,40,37,3,regular,False,2025-02-03 06:23:13
CUST00444,Priya Reddy,priya.reddy444@hotmail.com,9469749767,18934.54,7,3,4,at_risk,False,2026-01-02 07:44:24
CUST00445,Ananya Gupta,ananya.gupta445@yahoo.com,9645829727,63996.92,40,36,4,regular,False,2026-07-03 18:08:52
CUST00446,Pooja Bose,pooja.bose446@gmail.com,9963685029,244463.48,96,89,7,high_value,True,2026-01-10 10:29:54
CUST00447,Sai Menon,sai.menon447@gmail.com,9877920274,147978.25,38,36,2,regular,False,2026-06-28 17:37:07
CUST00448,Suresh Malhotra,suresh.malhotra448@gmail.com,9316581500,37576.55,19,13,6,at_risk,True,2024-12-20 05:24:42
CUST00449,Divya Das,divya.das449@yahoo.com,9760555221,24687.95,20,18,2,regular,False,2026-05-29 13:57:13
CUST00450,Sneha Joshi,sneha.joshi450@rediffmail.com,9535349662,87306.55,9,8,1,regular,False,2025-01-30 02:46:34
CUST00451,Amit Joshi,amit.joshi451@outlook.com,9342982954,45288.28,30,27,3,regular,False,2025-07-05 05:34:07
CUST00452,Reyansh Agarwal,reyansh.agarwal452@gmail.com,9640273782,143112.01,37,32,5,regular,False,2025-01-14 14:53:34
CUST00453,Vikram Desai,vikram.desai453@hotmail.com,9619293644,31511.56,17,9,8,at_risk,False,2026-07-28 06:27:08
CUST00454,Krishna Iyer,krishna.iyer454@gmail.com,9510892271,149245.74,19,17,2,regular,False,2025-08-29 05:11:41
CUST00455,Rakesh Sharma,rakesh.sharma455@outlook.com,9366564581,71860.98,26,25,1,regular,False,2025-04-25 12:34:21
CUST00456,Amit Rao,amit.rao456@hotmail.com,9388917924,117000.31,17,16,1,regular,False,2025-12-21 14:20:13
CUST00457,Saanvi Nair,saanvi.nair457@yahoo.com,9996510519,100417.6,14,12,2,regular,False,2026-06-06 06:03:46
CUST00458,Nikhil Sharma,nikhil.sharma458@hotmail.com,9145379683,17991.88,13,8,5,at_risk,False,2025-01-14 13:59:51
CUST00459,Suresh Singh,suresh.singh459@hotmail.com,9400933997,117522.02,13,13,0,regular,False,2025-04-23 04:18:41
CUST00460,Aditya Bansal,aditya.bansal460@outlook.com,9522750321,32156.64,17,8,9,at_risk,False,2025-05-11 12:30:27
CUST00461,Aarav Sharma,aarav.sharma461@yahoo.com,9507407714,62306.71,21,20,1,regular,False,2025-11-23 06:50:20
CUST00462,Nikhil Mehta,nikhil.mehta462@outlook.com,9297475805,47369.22,28,26,2,regular,False,2025-05-21 17:27:02
CUST00463,Anjali Kumar,anjali.kumar463@hotmail.com,9836599683,32983.07,22,19,3,regular,False,2025-07-31 16:51:42
CUST00464,Rohan Mishra,rohan.mishra464@yahoo.com,9607865951,11181.25,18,13,5,at_risk,False,2024-11-18 05:10:35
CUST00465,Rakesh Mishra,rakesh.mishra465@outlook.com,9943244821,52626.62,8,7,1,regular,False,2026-06-25 16:09:19
CUST00466,Priya Chopra,priya.chopra466@gmail.com,9583027931,53769.99,28,25,3,regular,False,2025-12-05 11:28:13
CUST00467,Vivaan Kapoor,vivaan.kapoor467@gmail.com,9476980538,38709.08,9,5,4,at_risk,False,2025-02-20 17:38:43
CUST00468,Kavya Joshi,kavya.joshi468@outlook.com,9822835305,120716.77,33,29,4,regular,False,2025-11-05 07:06:56
CUST00469,Rohan Singh,rohan.singh469@outlook.com,9552922001,94312.88,9,9,0,regular,False,2025-10-08 12:27:47
CUST00470,Kavya Das,kavya.das470@outlook.com,9750027161,55262.25,33,29,4,regular,False,2025-01-01 05:02:00
CUST00471,Vikram Kapoor,vikram.kapoor471@yahoo.com,9297446299,9376.4,10,6,4,at_risk,False,2024-09-07 21:05:06
CUST00472,Saanvi Singh,saanvi.singh472@rediffmail.com,9210605413,758915.88,80,73,7,high_value,True,2025-07-15 04:55:21
CUST00473,Sai Gupta,sai.gupta473@outlook.com,9763682156,105128.25,29,27,2,regular,False,2025-11-08 07:51:55
CUST00474,Ishaan Kumar,ishaan.kumar474@hotmail.com,9283188932,581306.94,61,53,8,high_value,False,2025-02-18 14:04:55
CUST00475,Manoj Malhotra,manoj.malhotra475@yahoo.com,9849066860,96808.02,34,31,3,regular,False,2025-01-25 08:09:47
CUST00476,Divya Bose,divya.bose476@hotmail.com,9432496317,7224.78,1,1,0,new,False,2025-08-16 08:59:32
CUST00477,Priya Kumar,priya.kumar477@outlook.com,9111334226,679996.86,37,35,2,high_value,False,2026-08-17 06:05:22
CUST00478,Deepak Reddy,deepak.reddy478@gmail.com,9922345794,58079.94,19,17,2,regular,False,2026-02-13 09:00:33
CUST00479,Manoj Kapoor,manoj.kapoor479@rediffmail.com,9368323917,115825.32,29,25,4,regular,False,2026-06-05 08:37:37
CUST00480,Anika Bansal,anika.bansal480@hotmail.com,9967126986,55342.47,39,34,5,regular,False,2026-06-16 17:21:32
CUST00481,Ishaan Reddy,ishaan.reddy481@gmail.com,9783858343,78859.74,36,34,2,regular,True,2026-07-06 04:31:21
CUST00482,Vivaan Singh,vivaan.singh482@gmail.com,9402918178,112975.47,5,5,0,regular,False,2025-04-07 16:05:33
CUST00483,Rahul Kapoor,rahul.kapoor483@outlook.com,9943666157,39928.72,17,9,8,at_risk,True,2026-06-04 18:40:52
CUST00484,Vihaan Iyer,vihaan.iyer484@rediffmail.com,9176648733,43608.49,21,18,3,regular,False,2026-04-23 14:56:09
CUST00485,Pooja Malhotra,pooja.malhotra485@yahoo.com,9892012381,2987.7,0,0,0,new,False,2025-04-28 09:49:57
CUST00486,Riya Mehta,riya.mehta486@yahoo.com,9775559969,116814.2,40,36,4,regular,False,2024-11-10 13:07:14
CUST00487,Aadhya Joshi,aadhya.joshi487@gmail.com,9815858075,34680.7,32,30,2,regular,False,2025-11-16 02:42:43
CUST00488,Krishna Desai,krishna.desai488@yahoo.com,9109588354,8716.16,3,2,1,new,False,2026-05-26 14:56:40
CUST00489,Ananya Chopra,ananya.chopra489@gmail.com,9836527450,141010.34,8,8,0,regular,False,2024-09-06 04:28:20
CUST00490,Reyansh Kumar,reyansh.kumar490@rediffmail.com,9349832483,92585.56,27,24,3,regular,False,2026-02-09 23:13:22
CUST00491,Pooja Joshi,pooja.joshi491@yahoo.com,9369183038,21985.57,17,10,7,at_risk,False,2025-04-11 17:05:26
CUST00492,Anjali Singh,anjali.singh492@hotmail.com,9473302105,80891.31,40,38,2,regular,False,2025-05-22 13:14:06
CUST00493,Priya Agarwal,priya.agarwal493@outlook.com,9587563596,564716.94,68,60,8,high_value,False,2024-11-29 10:44:40
CUST00494,Nikhil Nair,nikhil.nair494@outlook.com,9874171682,778656.05,69,66,3,high_value,False,2025-02-07 18:23:18
CUST00495,Nikhil Reddy,nikhil.reddy495@outlook.com,9540024260,34360.34,38,34,4,regular,True,2026-04-15 17:29:46
CUST00496,Aditya Rao,aditya.rao496@gmail.com,9621162378,24136.23,29,26,3,regular,False,2024-09-06 02:30:29
CUST00497,Priya Verma,priya.verma497@outlook.com,9336999287,29213.61,18,16,2,regular,False,2026-06-05 06:57:31
CUST00498,Vihaan Joshi,vihaan.joshi498@hotmail.com,9898302819,6239.3,2,1,1,new,True,2024-12-02 14:19:20
CUST00499,Divya Verma,divya.verma499@gmail.com,9995990847,142798.45,38,37,1,regular,False,2025-02-27 09:58:14
CUST00500,Aadhya Rao,aadhya.rao500@hotmail.com,9805315791,101292.26,16,15,1,regular,False,2026-05-09 00:44:55
CUST00501,Anjali Joshi,anjali.joshi501@rediffmail.com,9854357762,134767.12,15,13,2,regular,False,2025-03-27 11:42:42
CUST00502,Ananya Agarwal,ananya.agarwal502@hotmail.com,9575680693,13537.27,4,3,1,new,False,2025-08-10 08:59:14
CUST00503,Nisha Mishra,nisha.mishra503@outlook.com,9753278884,90931.41,29,26,3,regular,False,2025-12-08 10:53:33
CUST00504,Vikram Malhotra,vikram.malhotra504@rediffmail.com,9100210054,147784.34,6,5,1,regular,False,2025-10-20 23:45:40
CUST00505,Riya Nair,riya.nair505@yahoo.com,9438126323,684260.95,108,94,14,high_value,False,2025-03-20 03:44:42
CUST00506,Anjali Pillai,anjali.pillai506@yahoo.com,9201240032,381176.24,37,35,2,high_value,False,2025-12-13 15:31:01
CUST00507,Priya Reddy,priya.reddy507@gmail.com,9712555926,139324.63,9,8,1,regular,False,2026-03-01 06:13:21
CUST00508,Anjali Gupta,anjali.gupta508@hotmail.com,9789615654,115002.62,29,28,1,regular,True,2025-09-17 11:19:57
CUST00509,Nisha Kapoor,nisha.kapoor509@gmail.com,9927200028,104861.29,5,4,1,regular,False,2026-07-01 12:54:12
CUST00510,Divya Verma,divya.verma510@outlook.com,9679745130,62488.11,19,18,1,regular,False,2025-07-19 07:46:33
CUST00511,Varun Pillai,varun.pillai511@hotmail.com,9196725836,57671.79,30,29,1,regular,False,2025-04-25 03:11:41
CUST00512,Vihaan Agarwal,vihaan.agarwal512@rediffmail.com,9381919481,476185.03,119,106,13,high_value,False,2025-04-20 03:38:12
CUST00513,Aadhya Chopra,aadhya.chopra513@rediffmail.com,9800346424,92951.79,38,36,2,regular,True,2025-06-11 12:13:30
CUST00514,Anjali Patel,anjali.patel514@gmail.com,9821283444,67484.79,17,16,1,regular,False,2026-08-01 12:54:07
CUST00515,Ananya Joshi,ananya.joshi515@hotmail.com,9982169157,6633.15,1,1,0,new,False,2025-12-29 16:43:47
CUST00516,Sanjay Kumar,sanjay.kumar516@gmail.com,9220658235,51596.28,14,12,2,regular,False,2026-08-11 11:30:07
CUST00517,Krishna Reddy,krishna.reddy517@rediffmail.com,9605936741,285856.2,88,84,4,high_value,False,2025-12-04 04:01:08
CUST00518,Deepak Menon,deepak.menon518@yahoo.com,9846326954,22390.51,38,37,1,regular,False,2025-11-08 16:41:35
CUST00519,Nikhil Iyer,nikhil.iyer519@gmail.com,9599247875,21083.44,29,26,3,regular,False,2024-10-19 10:53:06
CUST00520,Reyansh Sharma,reyansh.sharma520@outlook.com,9797299908,147373.07,37,32,5,regular,False,2025-10-06 06:21:15
CUST00521,Varun Agarwal,varun.agarwal521@gmail.com,9300164147,145682.88,40,34,6,regular,True,2025-12-15 04:43:29
CUST00522,Riya Mehta,riya.mehta522@rediffmail.com,9522409833,22388.39,27,25,2,regular,False,2025-03-30 13:57:21
CUST00523,Vihaan Bose,vihaan.bose523@outlook.com,9515721250,33520.05,3,1,2,at_risk,False,2026-01-07 18:28:36
CUST00524,Rahul Desai,rahul.desai524@yahoo.com,9194269176,87693.32,19,18,1,regular,False,2025-06-15 12:37:36
CUST00525,Varun Mehta,varun.mehta525@rediffmail.com,9682219061,574107.22,94,86,8,high_value,False,2026-04-06 12:44:59
CUST00526,Divya Kumar,divya.kumar526@rediffmail.com,9926834891,756469.47,40,38,2,high_value,False,2026-04-26 17:17:46
CUST00527,Karan Kumar,karan.kumar527@gmail.com,9921879587,146476.48,31,29,2,regular,False,2024-11-11 14:01:53
CUST00528,Rohan Rao,rohan.rao528@gmail.com,9241246317,119118.17,22,20,2,regular,False,2024-12-23 15:32:48
CUST00529,Myra Chatterjee,myra.chatterjee529@gmail.com,9485753927,656887.06,37,34,3,high_value,False,2024-08-26 00:21:00
CUST00530,Sanjay Singh,sanjay.singh530@rediffmail.com,9627685695,41292.23,19,19,0,regular,False,2026-08-10 14:10:30
CUST00531,Meera Nair,meera.nair531@yahoo.com,9913656416,43020.17,33,29,4,regular,False,2025-09-27 07:20:29
CUST00532,Anika Kapoor,anika.kapoor532@rediffmail.com,9933454210,627965.66,68,60,8,high_value,False,2025-01-17 02:22:49
CUST00533,Rakesh Bansal,rakesh.bansal533@gmail.com,9659042709,446985.28,25,22,3,high_value,False,2025-02-21 09:35:47
CUST00534,Aditya Agarwal,aditya.agarwal534@rediffmail.com,9654186806,38690.73,9,6,3,at_risk,False,2025-10-18 13:35:25
CUST00535,Arun Singh,arun.singh535@rediffmail.com,9416130770,27091.07,38,33,5,regular,False,2024-11-02 07:33:16
CUST00536,Sai Mishra,sai.mishra536@hotmail.com,9221517071,96108.2,39,38,1,regular,False,2025-05-21 23:05:35
CUST00537,Diya Malhotra,diya.malhotra537@hotmail.com,9865185345,35889.2,5,3,2,at_risk,False,2024-08-27 18:01:45
CUST00538,Krishna Patel,krishna.patel538@gmail.com,9858305156,67182.64,38,34,4,regular,False,2025-03-20 01:42:55
CUST00539,Ananya Desai,ananya.desai539@hotmail.com,9508673666,261075.24,62,56,6,high_value,False,2026-03-25 18:05:51
CUST00540,Rohan Singh,rohan.singh540@gmail.com,9550522411,114921.03,33,31,2,regular,False,2026-04-13 16:36:52
CUST00541,Aarav Menon,aarav.menon541@outlook.com,9113107987,131203.44,39,34,5,regular,False,2025-04-07 15:20:21
CUST00542,Saanvi Pillai,saanvi.pillai542@rediffmail.com,9587197988,30322.64,5,5,0,regular,False,2024-11-29 01:06:44
CUST00543,Manoj Rao,manoj.rao543@gmail.com,9298470427,574629.97,24,23,1,high_value,True,2025-01-11 02:02:07
CUST00544,Riya Mehta,riya.mehta544@gmail.com,9152647028,795927.87,40,36,4,high_value,False,2024-09-16 02:20:17
CUST00545,Anjali Agarwal,anjali.agarwal545@yahoo.com,9588915267,66824.52,7,7,0,regular,False,2025-08-13 10:12:12
CUST00546,Arjun Kapoor,arjun.kapoor546@hotmail.com,9169713616,37490.95,22,21,1,regular,False,2026-01-23 16:23:20
CUST00547,Nikhil Verma,nikhil.verma547@gmail.com,9713500721,101767.22,10,9,1,regular,False,2024-09-01 13:32:38
CUST00548,Nisha Menon,nisha.menon548@outlook.com,9378807844,149353.16,27,23,4,regular,False,2025-04-04 05:04:42
CUST00549,Suresh Chopra,suresh.chopra549@yahoo.com,9754344451,57763.45,17,17,0,regular,True,2024-11-23 19:42:24
CUST00550,Saanvi Menon,saanvi.menon550@rediffmail.com,9544573290,377272.53,101,96,5,high_value,False,2024-09-18 13:44:47
CUST00551,Priya Patel,priya.patel551@outlook.com,9422427487,62110.1,5,5,0,regular,False,2025-07-16 03:17:11
CUST00552,Nikhil Sharma,nikhil.sharma552@yahoo.com,9308322646,63931.79,35,30,5,regular,False,2024-11-02 19:03:27
CUST00553,Deepak Kumar,deepak.kumar553@rediffmail.com,9676564508,21186.45,16,8,8,at_risk,True,2025-03-10 13:06:05
CUST00554,Anjali Mishra,anjali.mishra554@outlook.com,9696116984,47074.12,26,23,3,regular,False,2025-08-28 21:35:22
CUST00555,Rohan Iyer,rohan.iyer555@gmail.com,9464162131,9397.66,1,1,0,new,False,2024-12-24 19:44:45
CUST00556,Riya Das,riya.das556@outlook.com,9862184916,419015.22,83,72,11,high_value,False,2025-10-20 16:07:51
CUST00557,Divya Reddy,divya.reddy557@yahoo.com,9220507410,24861.35,17,15,2,regular,False,2026-07-31 06:25:37
CUST00558,Lakshmi Kumar,lakshmi.kumar558@yahoo.com,9465196671,10986.62,4,3,1,new,False,2026-05-17 05:12:28
CUST00559,Ishaan Rao,ishaan.rao559@gmail.com,9593243074,132425.33,12,12,0,regular,False,2024-09-21 02:21:46
CUST00560,Sai Mehta,sai.mehta560@rediffmail.com,9149542207,648017.12,115,108,7,high_value,False,2025-10-10 00:44:25
CUST00561,Saanvi Mehta,saanvi.mehta561@yahoo.com,9306744311,89195.85,33,29,4,regular,False,2026-03-17 14:02:14
CUST00562,Krishna Sharma,krishna.sharma562@hotmail.com,9700893588,46855.06,27,25,2,regular,False,2024-09-03 13:41:12
CUST00563,Anjali Nair,anjali.nair563@yahoo.com,9176496452,135991.6,39,36,3,regular,False,2025-04-30 22:09:47
CUST00564,Reyansh Desai,reyansh.desai564@gmail.com,9192470197,43267.79,33,30,3,regular,False,2026-02-04 04:34:36
CUST00565,Sai Malhotra,sai.malhotra565@hotmail.com,9241514106,671527.82,109,100,9,high_value,False,2024-09-24 00:32:15
CUST00566,Arun Chopra,arun.chopra566@yahoo.com,9340297471,732205.56,53,46,7,high_value,False,2024-09-08 11:58:24
CUST00567,Karan Malhotra,karan.malhotra567@rediffmail.com,9132495867,223376.59,81,75,6,high_value,False,2025-09-03 01:59:35
CUST00568,Anjali Kumar,anjali.kumar568@hotmail.com,9210522618,112855.5,11,10,1,regular,False,2025-10-20 04:36:12
CUST00569,Arun Desai,arun.desai569@hotmail.com,9543929865,51679.84,15,13,2,regular,False,2025-09-11 16:25:06
CUST00570,Shreya Kapoor,shreya.kapoor570@rediffmail.com,9709038381,24058.44,10,7,3,at_risk,False,2024-08-27 03:05:40
CUST00571,Suresh Gupta,suresh.gupta571@hotmail.com,9740031190,92161.4,33,32,1,regular,False,2026-06-15 02:13:05
CUST00572,Reyansh Chatterjee,reyansh.chatterjee572@hotmail.com,9928223643,16459.29,4,3,1,at_risk,False,2025-01-08 00:50:21
CUST00573,Aarav Kumar,aarav.kumar573@yahoo.com,9586377578,70697.75,33,32,1,regular,False,2025-10-05 13:05:14
CUST00574,Anjali Chatterjee,anjali.chatterjee574@outlook.com,9566784595,138965.33,10,9,1,regular,False,2025-03-21 09:17:02
CUST00575,Ishaan Reddy,ishaan.reddy575@gmail.com,9496450063,14518.49,0,0,0,new,False,2025-08-23 20:00:22
CUST00576,Kavya Sharma,kavya.sharma576@yahoo.com,9563550988,71254.88,25,22,3,regular,False,2025-06-06 04:09:11
CUST00577,Saanvi Chatterjee,saanvi.chatterjee577@yahoo.com,9609889300,511024.03,66,57,9,high_value,False,2024-10-08 19:25:45
CUST00578,Ishaan Sharma,ishaan.sharma578@gmail.com,9796202652,618870.5,82,73,9,high_value,False,2026-04-08 20:55:03
CUST00579,Ishaan Bose,ishaan.bose579@rediffmail.com,9589657032,29338.67,16,9,7,at_risk,False,2025-06-17 03:54:02
CUST00580,Vikram Desai,vikram.desai580@outlook.com,9342387465,98594.52,36,31,5,regular,False,2025-03-30 14:11:49
CUST00581,Meera Agarwal,meera.agarwal581@hotmail.com,9494031067,174612.27,81,72,9,high_value,False,2025-04-19 21:05:06
CUST00582,Rohan Mishra,rohan.mishra582@hotmail.com,9905931508,21272.77,5,3,2,at_risk,False,2025-12-17 06:47:55
CUST00583,Arjun Chatterjee,arjun.chatterjee583@hotmail.com,9956951458,99695.08,26,24,2,regular,True,2025-05-18 05:20:05
CUST00584,Deepak Pillai,deepak.pillai584@outlook.com,9552062605,147108.87,23,22,1,regular,True,2024-12-22 12:55:45
CUST00585,Anjali Iyer,anjali.iyer585@gmail.com,9775705787,41980.3,8,7,1,regular,False,2024-11-24 23:00:22
CUST00586,Kavya Chopra,kavya.chopra586@gmail.com,9236173369,130687.88,22,21,1,regular,False,2025-11-17 14:38:41
CUST00587,Aarav Mishra,aarav.mishra587@gmail.com,9748348443,96930.12,14,13,1,regular,False,2026-02-27 14:29:18
CUST00588,Anika Chopra,anika.chopra588@yahoo.com,9958319153,24301.77,10,9,1,regular,False,2026-03-21 05:56:36
CUST00589,Meera Desai,meera.desai589@yahoo.com,9809386103,102884.71,18,16,2,regular,False,2026-07-01 00:36:58
CUST00590,Priya Gupta,priya.gupta590@gmail.com,9279959558,81910.15,35,31,4,regular,False,2025-02-26 15:29:34
CUST00591,Pooja Chatterjee,pooja.chatterjee591@rediffmail.com,9609586681,88957.48,32,31,1,regular,False,2025-05-23 10:05:30
CUST00592,Karan Bansal,karan.bansal592@gmail.com,9204544138,9561.36,3,2,1,new,False,2025-11-19 11:48:16
CUST00593,Neha Iyer,neha.iyer593@gmail.com,9374173441,70849.99,20,18,2,regular,False,2026-02-07 05:04:09
CUST00594,Rahul Chatterjee,rahul.chatterjee594@yahoo.com,9436370919,107464.24,9,9,0,regular,False,2026-05-11 07:45:50
CUST00595,Amit Nair,amit.nair595@outlook.com,9370471388,23081.06,10,10,0,regular,False,2026-01-15 02:10:38
CUST00596,Krishna Das,krishna.das596@gmail.com,9192756659,9546.75,8,4,4,at_risk,False,2025-12-09 13:16:31
CUST00597,Arun Chatterjee,arun.chatterjee597@gmail.com,9785885348,149382.16,32,28,4,regular,False,2025-09-28 14:37:51
CUST00598,Ananya Patel,ananya.patel598@outlook.com,9934411164,402583.78,27,26,1,high_value,False,2026-02-24 07:57:33
CUST00599,Arjun Chopra,arjun.chopra599@yahoo.com,9755306663,103912.81,11,11,0,regular,False,2026-01-14 01:38:47
CUST00600,Reyansh Malhotra,reyansh.malhotra600@outlook.com,9210903699,195768.01,113,107,6,high_value,False,2025-04-03 18:34:50
CUST00601,Aarav Verma,aarav.verma601@rediffmail.com,9386083995,62878.01,30,27,3,regular,False,2025-04-10 06:35:30
CUST00602,Nisha Desai,nisha.desai602@gmail.com,9679958795,69975.1,35,34,1,regular,False,2025-08-23 11:51:36
CUST00603,Riya Desai,riya.desai603@gmail.com,9778897450,9706.12,2,2,0,new,False,2026-06-04 07:15:55
CUST00604,Kavya Bose,kavya.bose604@yahoo.com,9289642463,145776.68,17,16,1,regular,False,2026-05-08 01:02:24
CUST00605,Amit Chopra,amit.chopra605@gmail.com,9779454449,44630.38,7,7,0,regular,False,2024-12-26 15:19:02
CUST00606,Suresh Desai,suresh.desai606@gmail.com,9951197200,60005.01,39,33,6,regular,False,2026-08-09 22:39:05
CUST00607,Rahul Verma,rahul.verma607@outlook.com,9945870756,72716.02,18,16,2,regular,False,2025-05-13 04:27:52
CUST00608,Rohan Mishra,rohan.mishra608@hotmail.com,9350166446,553.17,1,1,0,new,True,2024-11-30 22:19:57
CUST00609,Anika Das,anika.das609@yahoo.com,9115424523,26494.54,24,21,3,regular,False,2024-12-08 17:47:08
CUST00610,Shreya Patel,shreya.patel610@gmail.com,9222599500,123892.78,19,18,1,regular,False,2025-09-14 09:21:48
CUST00611,Karan Gupta,karan.gupta611@hotmail.com,9686139340,693677.61,47,41,6,high_value,False,2025-09-16 21:41:54
CUST00612,Krishna Iyer,krishna.iyer612@yahoo.com,9913413214,110518.45,40,38,2,regular,False,2025-01-07 22:31:06
CUST00613,Ishaan Gupta,ishaan.gupta613@hotmail.com,9503867640,5547.06,18,13,5,at_risk,True,2026-05-26 00:16:14
CUST00614,Shreya Reddy,shreya.reddy614@rediffmail.com,9844643743,32039.69,7,5,2,at_risk,False,2025-03-08 07:36:03
CUST00615,Meera Nair,meera.nair615@yahoo.com,9755560172,97515.36,36,32,4,regular,False,2025-10-21 11:20:07
CUST00616,Meera Sharma,meera.sharma616@hotmail.com,9353015458,148258.46,11,10,1,regular,False,2025-02-19 05:31:16
CUST00617,Myra Malhotra,myra.malhotra617@yahoo.com,9396810789,223241.43,39,35,4,high_value,False,2025-04-27 05:53:10
CUST00618,Diya Singh,diya.singh618@gmail.com,9158011705,57058.39,32,30,2,regular,False,2025-05-18 22:25:23
CUST00619,Reyansh Mishra,reyansh.mishra619@gmail.com,9676986599,122113.96,36,33,3,regular,True,2025-12-28 07:48:17
CUST00620,Shreya Pillai,shreya.pillai620@outlook.com,9549968984,107990.83,25,24,1,regular,False,2026-01-04 20:25:47
CUST00621,Anika Mishra,anika.mishra621@rediffmail.com,9314700940,48686.16,35,32,3,regular,True,2025-06-05 18:43:23
CUST00622,Saanvi Menon,saanvi.menon622@rediffmail.com,9291191291,37732.6,17,15,2,regular,False,2026-01-30 11:46:15
CUST00623,Ishaan Verma,ishaan.verma623@hotmail.com,9164050550,34444.21,34,31,3,regular,False,2025-09-08 15:59:44
CUST00624,Kavya Menon,kavya.menon624@yahoo.com,9947769596,38346.6,8,5,3,at_risk,False,2026-01-02 20:51:06
CUST00625,Meera Bansal,meera.bansal625@rediffmail.com,9332403478,128808.57,22,22,0,regular,False,2025-12-16 14:58:37
CUST00626,Karan Kapoor,karan.kapoor626@hotmail.com,9338807279,25712.01,7,3,4,at_risk,False,2025-06-24 22:23:24
CUST00627,Aditya Chopra,aditya.chopra627@hotmail.com,9136099794,71261.62,11,10,1,regular,False,2025-01-31 23:32:52
CUST00628,Meera Rao,meera.rao628@yahoo.com,9484835170,104193.23,10,10,0,regular,False,2026-03-13 07:16:41
CUST00629,Anjali Mishra,anjali.mishra629@hotmail.com,9126213767,6956.41,1,1,0,new,False,2025-08-11 01:10:43
CUST00630,Arun Das,arun.das630@gmail.com,9773563645,730732.39,62,56,6,high_value,False,2025-11-22 01:41:59
CUST00631,Rakesh Pillai,rakesh.pillai631@yahoo.com,9945777677,100659.18,26,23,3,regular,True,2024-10-04 10:44:52
CUST00632,Vihaan Gupta,vihaan.gupta632@rediffmail.com,9492550199,25313.66,28,27,1,regular,False,2026-06-18 03:35:01
CUST00633,Saanvi Kumar,saanvi.kumar633@outlook.com,9356229918,104374.99,18,16,2,regular,False,2025-10-01 11:09:30
CUST00634,Neha Bansal,neha.bansal634@rediffmail.com,9397582542,392328.96,77,71,6,high_value,False,2026-04-22 06:52:55
CUST00635,Rakesh Chatterjee,rakesh.chatterjee635@hotmail.com,9413816461,67858.96,9,9,0,regular,False,2026-05-28 21:04:52
CUST00636,Sneha Singh,sneha.singh636@outlook.com,9182621546,329362.78,109,105,4,high_value,False,2026-01-28 05:02:33
CUST00637,Vivaan Reddy,vivaan.reddy637@rediffmail.com,9832725044,37163.56,27,25,2,regular,False,2026-08-04 13:23:11
CUST00638,Aadhya Patel,aadhya.patel638@gmail.com,9961129245,143168.33,26,24,2,regular,False,2024-11-02 12:07:11
CUST00639,Suresh Pillai,suresh.pillai639@hotmail.com,9688913795,59530.7,13,11,2,regular,False,2025-12-02 15:44:36
CUST00640,Deepak Joshi,deepak.joshi640@outlook.com,9926512485,10191.84,12,7,5,at_risk,False,2026-03-14 04:30:35
CUST00641,Kavya Singh,kavya.singh641@yahoo.com,9860328560,106626.28,14,13,1,regular,False,2025-10-05 03:04:56
CUST00642,Ishaan Malhotra,ishaan.malhotra642@outlook.com,9496932442,93123.34,7,6,1,regular,False,2026-03-27 10:25:22
CUST00643,Vikram Agarwal,vikram.agarwal643@yahoo.com,9672994767,139656.42,30,26,4,regular,False,2025-05-13 12:20:29
CUST00644,Rohan Sharma,rohan.sharma644@hotmail.com,9644826299,111708.68,35,30,5,regular,False,2025-01-15 18:38:42
CUST00645,Anjali Mishra,anjali.mishra645@rediffmail.com,9463659637,115113.27,7,7,0,regular,False,2025-10-14 23:05:50
CUST00646,Sneha Menon,sneha.menon646@yahoo.com,9578859534,62427.64,17,15,2,regular,False,2025-11-14 16:52:28
CUST00647,Vivaan Patel,vivaan.patel647@hotmail.com,9578306974,144491.08,37,34,3,regular,False,2024-12-16 01:58:12
CUST00648,Lakshmi Verma,lakshmi.verma648@outlook.com,9526874654,704972.65,67,62,5,high_value,True,2025-09-06 11:12:28
CUST00649,Riya Malhotra,riya.malhotra649@hotmail.com,9194058316,135414.63,31,27,4,regular,False,2025-06-17 08:55:11
CUST00650,Ishaan Pillai,ishaan.pillai650@hotmail.com,9192425524,347100.24,87,74,13,high_value,True,2024-12-29 10:19:07
CUST00651,Sai Sharma,sai.sharma651@rediffmail.com,9785912716,6217.71,4,3,1,new,False,2026-04-07 16:44:43
CUST00652,Diya Desai,diya.desai652@outlook.com,9694710082,126963.9,24,21,3,regular,False,2025-01-30 07:07:35
CUST00653,Myra Sharma,myra.sharma653@gmail.com,9265381977,144283.46,35,34,1,regular,False,2025-11-04 08:48:43
CUST00654,Diya Chopra,diya.chopra654@yahoo.com,9130539998,330191.07,28,25,3,high_value,False,2025-04-20 03:24:30
CUST00655,Nisha Iyer,nisha.iyer655@rediffmail.com,9845439994,18062.08,3,1,2,at_risk,False,2026-06-27 18:40:46
CUST00656,Karan Malhotra,karan.malhotra656@yahoo.com,9483739723,55447.15,31,28,3,regular,False,2026-07-07 13:26:48
CUST00657,Kavya Bansal,kavya.bansal657@gmail.com,9651759949,101643.89,11,10,1,regular,False,2025-09-29 12:29:14
CUST00658,Riya Iyer,riya.iyer658@outlook.com,9202900339,65711.82,14,14,0,regular,False,2025-08-09 06:20:44
CUST00659,Meera Mehta,meera.mehta659@yahoo.com,9209970339,85439.78,17,15,2,regular,False,2024-09-18 04:51:42
CUST00660,Rakesh Das,rakesh.das660@hotmail.com,9854051178,8988.84,17,8,9,at_risk,False,2026-04-13 23:22:03
CUST00661,Deepak Joshi,deepak.joshi661@outlook.com,9842010046,126215.03,38,33,5,regular,False,2024-08-29 12:54:25
CUST00662,Vivaan Mishra,vivaan.mishra662@gmail.com,9338754922,601258.75,108,103,5,high_value,False,2026-04-14 21:08:18
CUST00663,Nisha Das,nisha.das663@gmail.com,9183467647,464765.68,75,73,2,high_value,False,2024-10-19 05:18:18
CUST00664,Shreya Verma,shreya.verma664@rediffmail.com,9227691754,649.22,2,1,1,new,False,2026-04-21 02:05:22
CUST00665,Saanvi Pillai,saanvi.pillai665@yahoo.com,9298407974,23803.69,14,12,2,regular,False,2025-01-09 11:20:09
CUST00666,Amit Singh,amit.singh666@hotmail.com,9938379910,51436.93,9,9,0,regular,False,2026-08-11 04:44:45
CUST00667,Saanvi Das,saanvi.das667@yahoo.com,9402641424,118022.32,5,4,1,regular,False,2026-01-18 05:38:35
CUST00668,Deepak Joshi,deepak.joshi668@hotmail.com,9298777291,144507.21,16,14,2,regular,False,2025-06-17 16:11:55
CUST00669,Lakshmi Nair,lakshmi.nair669@rediffmail.com,9221166907,15999.81,17,12,5,at_risk,False,2025-08-21 13:30:16
CUST00670,Manoj Mishra,manoj.mishra670@gmail.com,9188313058,35043.94,23,21,2,regular,False,2024-09-21 07:50:10
CUST00671,Myra Agarwal,myra.agarwal671@rediffmail.com,9412017904,6419.42,0,0,0,new,False,2024-09-29 10:37:19
CUST00672,Diya Sharma,diya.sharma672@rediffmail.com,9821657025,434737.93,104,93,11,high_value,False,2025-07-17 09:24:50
CUST00673,Shreya Gupta,shreya.gupta673@yahoo.com,9169482279,45881.23,17,15,2,regular,False,2026-04-22 15:31:18
CUST00674,Nisha Mishra,nisha.mishra674@rediffmail.com,9399056778,31809.03,11,6,5,at_risk,False,2025-07-12 11:02:06
CUST00675,Deepak Chatterjee,deepak.chatterjee675@hotmail.com,9534268004,7671.22,1,1,0,new,False,2025-12-12 06:11:02
CUST00676,Suresh Nair,suresh.nair676@yahoo.com,9131915385,184354.07,28,26,2,high_value,True,2026-02-23 10:04:08
CUST00677,Varun Chatterjee,varun.chatterjee677@outlook.com,9263999734,101020.24,9,8,1,regular,False,2025-04-08 07:01:58
CUST00678,Aadhya Reddy,aadhya.reddy678@rediffmail.com,9626402312,90516.95,39,35,4,regular,False,2026-07-24 08:19:46
CUST00679,Krishna Desai,krishna.desai679@rediffmail.com,9437755361,20489.47,4,3,1,at_risk,False,2025-10-19 18:01:26
CUST00680,Suresh Kapoor,suresh.kapoor680@yahoo.com,9435501022,83369.14,12,11,1,regular,False,2025-02-04 04:21:41
CUST00681,Anjali Chopra,anjali.chopra681@rediffmail.com,9703717150,22733.98,15,10,5,at_risk,False,2025-08-04 01:32:17
CUST00682,Amit Reddy,amit.reddy682@outlook.com,9165953495,179326.99,66,62,4,high_value,False,2026-07-29 01:14:20
CUST00683,Rahul Desai,rahul.desai683@gmail.com,9559720620,66457.59,27,26,1,regular,False,2025-12-28 00:24:15
CUST00684,Riya Pillai,riya.pillai684@gmail.com,9838724998,348193.1,63,60,3,high_value,False,2026-07-18 07:13:08
CUST00685,Nisha Pillai,nisha.pillai685@hotmail.com,9552230665,110474.6,6,5,1,regular,False,2025-07-22 12:15:40
CUST00686,Anjali Gupta,anjali.gupta686@rediffmail.com,9207435042,46768.08,36,33,3,regular,False,2025-09-12 17:56:00
CUST00687,Nikhil Reddy,nikhil.reddy687@outlook.com,9568141917,102607.75,9,8,1,regular,False,2025-11-04 14:20:46
CUST00688,Vihaan Reddy,vihaan.reddy688@hotmail.com,9531673580,26860.03,5,3,2,at_risk,False,2024-12-27 11:44:10
CUST00689,Neha Patel,neha.patel689@hotmail.com,9960266563,75523.77,27,24,3,regular,False,2025-10-20 05:37:36
CUST00690,Riya Kapoor,riya.kapoor690@hotmail.com,9436460186,72299.12,37,34,3,regular,False,2026-02-22 23:19:22
CUST00691,Divya Singh,divya.singh691@hotmail.com,9636015820,145075.22,34,32,2,regular,False,2024-12-04 08:12:31
CUST00692,Anjali Mishra,anjali.mishra692@gmail.com,9660782698,80123.27,20,19,1,regular,False,2025-10-22 08:08:53
CUST00693,Meera Mehta,meera.mehta693@gmail.com,9780674456,73616.99,23,21,2,regular,False,2024-12-18 15:24:10
CUST00694,Sneha Nair,sneha.nair694@gmail.com,9261020740,51926.26,24,22,2,regular,False,2025-06-05 08:38:06
CUST00695,Aditya Rao,aditya.rao695@yahoo.com,9392822240,317957.95,55,49,6,high_value,False,2026-07-13 06:18:40
CUST00696,Vivaan Verma,vivaan.verma696@gmail.com,9437052680,132732.33,31,27,4,regular,False,2026-05-25 09:32:59
CUST00697,Ishaan Nair,ishaan.nair697@gmail.com,9713077996,141281.61,38,34,4,regular,False,2025-03-06 14:49:56
CUST00698,Suresh Patel,suresh.patel698@yahoo.com,9744053238,674346.71,62,54,8,high_value,False,2025-12-27 08:36:14
CUST00699,Saanvi Kumar,saanvi.kumar699@gmail.com,9288070455,55691.15,31,29,2,regular,False,2025-04-10 04:34:38
CUST00700,Sanjay Das,sanjay.das700@gmail.com,9439828493,81731.04,20,17,3,regular,False,2026-03-30 10:47:02
CUST00701,Deepak Das,deepak.das701@outlook.com,9981934350,103901.69,7,6,1,regular,False,2026-07-01 15:16:26
CUST00702,Priya Agarwal,priya.agarwal702@rediffmail.com,9432074523,111080.18,12,11,1,regular,False,2025-05-29 09:51:23
CUST00703,Aarav Desai,aarav.desai703@outlook.com,9423076194,684760.02,50,47,3,high_value,False,2026-03-14 08:01:20
CUST00704,Karan Bose,karan.bose704@rediffmail.com,9947523110,713188.98,119,102,17,high_value,False,2025-06-29 11:53:10
CUST00705,Nisha Gupta,nisha.gupta705@yahoo.com,9849989538,28627.74,31,28,3,regular,False,2025-09-25 07:29:51
CUST00706,Vivaan Verma,vivaan.verma706@yahoo.com,9776625216,103342.84,5,5,0,regular,False,2025-10-08 03:02:08
CUST00707,Sai Gupta,sai.gupta707@yahoo.com,9368009789,146056.4,13,11,2,regular,False,2025-10-02 07:33:43
CUST00708,Deepak Mishra,deepak.mishra708@yahoo.com,9379902891,97092.65,25,22,3,regular,False,2025-06-27 10:36:58
CUST00709,Diya Desai,diya.desai709@rediffmail.com,9996229807,12857.05,3,1,2,at_risk,False,2024-11-22 15:40:23
CUST00710,Sai Malhotra,sai.malhotra710@yahoo.com,9381087533,41938.27,30,27,3,regular,False,2026-03-26 20:45:27
CUST00711,Sanjay Singh,sanjay.singh711@hotmail.com,9226004164,491794.51,118,102,16,high_value,False,2024-10-05 06:00:31
CUST00712,Krishna Nair,krishna.nair712@yahoo.com,9304595238,12201.19,2,2,0,new,False,2026-04-14 08:17:48
CUST00713,Saanvi Menon,saanvi.menon713@yahoo.com,9984858711,108034.52,31,30,1,regular,False,2026-07-27 13:26:04
CUST00714,Priya Nair,priya.nair714@hotmail.com,9584232533,5544.57,3,3,0,new,False,2025-09-28 09:31:32
CUST00715,Saanvi Das,saanvi.das715@rediffmail.com,9860695792,97635.47,9,9,0,regular,True,2025-09-19 15:26:59
CUST00716,Deepak Joshi,deepak.joshi716@hotmail.com,9820256933,8973.48,0,0,0,new,False,2025-07-31 12:59:10
CUST00717,Sneha Chatterjee,sneha.chatterjee717@outlook.com,9241989740,8393.41,4,3,1,new,False,2025-04-08 11:39:04
CUST00718,Arun Kumar,arun.kumar718@gmail.com,9440716951,76280.86,21,20,1,regular,True,2026-04-17 05:49:28
CUST00719,Neha Mishra,neha.mishra719@outlook.com,9561801350,134001.73,21,19,2,regular,False,2026-03-10 12:30:42
CUST00720,Suresh Kumar,suresh.kumar720@hotmail.com,9805898786,77198.65,17,16,1,regular,False,2026-07-20 06:52:44
CUST00721,Priya Singh,priya.singh721@rediffmail.com,9568613005,731863.89,83,81,2,high_value,False,2024-08-29 03:34:48
CUST00722,Suresh Malhotra,suresh.malhotra722@rediffmail.com,9220786160,35340.78,6,4,2,at_risk,False,2025-11-08 17:25:22
CUST00723,Ananya Mishra,ananya.mishra723@hotmail.com,9983229699,135816.29,18,16,2,regular,False,2025-03-05 03:13:06
CUST00724,Diya Kapoor,diya.kapoor724@gmail.com,9364309534,28691.8,13,10,3,at_risk,False,2024-09-28 19:33:31
CUST00725,Sneha Joshi,sneha.joshi725@hotmail.com,9213891709,10382.14,5,3,2,at_risk,False,2025-04-21 07:28:07
CUST00726,Neha Menon,neha.menon726@gmail.com,9453719460,9842.59,3,2,1,new,False,2025-01-20 19:17:30
CUST00727,Saanvi Verma,saanvi.verma727@outlook.com,9447002051,31033.0,20,9,11,at_risk,False,2025-07-13 14:42:36
CUST00728,Diya Nair,diya.nair728@rediffmail.com,9195765217,285344.78,69,61,8,high_value,False,2024-10-25 18:23:18
CUST00729,Krishna Reddy,krishna.reddy729@rediffmail.com,9960175026,124825.92,24,21,3,regular,False,2025-08-23 20:30:03
CUST00730,Sanjay Bansal,sanjay.bansal730@yahoo.com,9625728730,70451.64,22,20,2,regular,False,2025-06-19 10:35:35
CUST00731,Nikhil Singh,nikhil.singh731@rediffmail.com,9777194209,25256.95,26,22,4,regular,False,2024-10-31 18:21:15
CUST00732,Suresh Bansal,suresh.bansal732@hotmail.com,9190162210,76856.22,35,33,2,regular,False,2024-09-24 13:03:45
CUST00733,Anika Bansal,anika.bansal733@rediffmail.com,9417270985,91629.26,7,6,1,regular,False,2025-06-29 20:33:36
CUST00734,Arun Chatterjee,arun.chatterjee734@hotmail.com,9972763942,53131.83,10,9,1,regular,True,2024-10-17 07:08:50
CUST00735,Diya Singh,diya.singh735@rediffmail.com,9148596177,719890.98,58,54,4,high_value,False,2024-10-08 07:37:05
CUST00736,Nikhil Iyer,nikhil.iyer736@outlook.com,9969737332,44061.36,21,18,3,regular,False,2025-02-24 23:20:52
CUST00737,Aarav Desai,aarav.desai737@gmail.com,9114285707,82025.58,30,26,4,regular,False,2024-12-17 06:16:45
CUST00738,Riya Menon,riya.menon738@hotmail.com,9487329582,145208.41,30,26,4,regular,False,2026-04-09 23:29:42
CUST00739,Aadhya Gupta,aadhya.gupta739@gmail.com,9847359140,12885.18,1,1,0,new,False,2025-12-21 08:08:01
CUST00740,Rakesh Rao,rakesh.rao740@gmail.com,9423108101,10185.8,16,12,4,at_risk,False,2026-03-22 07:47:19
CUST00741,Suresh Chopra,suresh.chopra741@gmail.com,9582664425,46173.99,30,29,1,regular,True,2024-11-18 08:16:45
CUST00742,Meera Chopra,meera.chopra742@hotmail.com,9739777846,149873.43,7,6,1,regular,False,2024-12-28 01:44:11
CUST00743,Suresh Nair,suresh.nair743@gmail.com,9667267264,524662.18,90,87,3,high_value,False,2025-06-24 06:45:59
CUST00744,Krishna Chopra,krishna.chopra744@hotmail.com,9793830293,110676.88,6,6,0,regular,False,2025-05-02 11:28:52
CUST00745,Vikram Nair,vikram.nair745@hotmail.com,9335903593,109046.63,34,33,1,regular,False,2024-08-27 09:47:14
CUST00746,Meera Chatterjee,meera.chatterjee746@outlook.com,9954669136,146222.41,15,13,2,regular,False,2026-05-29 06:25:07
CUST00747,Ishaan Singh,ishaan.singh747@yahoo.com,9267840982,33117.48,31,27,4,regular,False,2025-12-28 16:22:30
CUST00748,Manoj Verma,manoj.verma748@gmail.com,9485244337,17496.54,8,6,2,at_risk,False,2025-03-28 22:50:10
CUST00749,Arjun Mehta,arjun.mehta749@rediffmail.com,9222373596,35689.44,19,17,2,regular,False,2025-08-27 22:18:03
CUST00750,Manoj Iyer,manoj.iyer750@yahoo.com,9841027438,26150.13,6,3,3,at_risk,False,2025-06-03 07:21:23
CUST00751,Krishna Gupta,krishna.gupta751@hotmail.com,9754612980,38158.42,20,15,5,at_risk,False,2024-11-18 19:42:06
CUST00752,Saanvi Joshi,saanvi.joshi752@yahoo.com,9882059080,77397.33,37,34,3,regular,False,2026-03-21 00:26:25
CUST00753,Sanjay Mehta,sanjay.mehta753@yahoo.com,9232052491,20368.8,16,8,8,at_risk,True,2025-04-27 11:34:23
CUST00754,Kavya Bansal,kavya.bansal754@yahoo.com,9191519166,112975.97,31,29,2,regular,False,2026-03-23 04:42:58
CUST00755,Meera Nair,meera.nair755@yahoo.com,9960892562,139342.61,34,29,5,regular,False,2024-09-26 10:49:42
CUST00756,Vivaan Malhotra,vivaan.malhotra756@yahoo.com,9926944269,674060.46,28,27,1,high_value,False,2026-03-10 08:11:46
CUST00757,Vihaan Desai,vihaan.desai757@gmail.com,9808858764,2264.28,4,4,0,new,False,2024-08-25 05:04:32
CUST00758,Kavya Kapoor,kavya.kapoor758@rediffmail.com,9831079302,133561.03,25,22,3,regular,True,2025-11-12 04:47:02
CUST00759,Nikhil Kumar,nikhil.kumar759@rediffmail.com,9579091840,135385.37,33,29,4,regular,False,2024-10-30 09:16:21
CUST00760,Aadhya Reddy,aadhya.reddy760@gmail.com,9139696423,70699.16,13,12,1,regular,False,2026-01-19 20:37:14
CUST00761,Lakshmi Agarwal,lakshmi.agarwal761@outlook.com,9659780124,102639.12,6,6,0,regular,False,2024-12-27 14:34:53
CUST00762,Anika Reddy,anika.reddy762@rediffmail.com,9642534457,188964.73,67,63,4,high_value,False,2026-04-21 22:15:44
CUST00763,Krishna Malhotra,krishna.malhotra763@outlook.com,9714647698,78909.13,20,18,2,regular,False,2025-01-23 01:08:41
CUST00764,Rakesh Menon,rakesh.menon764@yahoo.com,9476171636,106699.91,13,12,1,regular,False,2025-12-15 20:10:08
CUST00765,Karan Bansal,karan.bansal765@hotmail.com,9306754637,17644.36,6,4,2,at_risk,False,2025-06-30 21:01:00
CUST00766,Sai Verma,sai.verma766@rediffmail.com,9239654428,78001.33,28,25,3,regular,False,2025-01-30 05:06:21
CUST00767,Sneha Iyer,sneha.iyer767@hotmail.com,9635611738,149546.53,36,32,4,regular,False,2026-03-12 18:44:41
CUST00768,Lakshmi Kumar,lakshmi.kumar768@rediffmail.com,9863592104,145844.13,37,32,5,regular,False,2026-01-20 07:25:06
CUST00769,Deepak Verma,deepak.verma769@yahoo.com,9700250339,143736.83,31,30,1,regular,False,2025-11-02 22:32:01
CUST00770,Divya Kumar,divya.kumar770@gmail.com,9498860032,68679.77,23,21,2,regular,False,2026-04-02 02:31:57
CUST00771,Meera Verma,meera.verma771@outlook.com,9404386805,126486.26,36,35,1,regular,False,2026-06-17 22:22:24
CUST00772,Meera Chopra,meera.chopra772@hotmail.com,9432539857,137037.35,29,27,2,regular,False,2024-12-13 19:09:53
CUST00773,Ishaan Bansal,ishaan.bansal773@rediffmail.com,9917846365,78379.72,25,24,1,regular,False,2024-11-25 09:05:10
CUST00774,Pooja Nair,pooja.nair774@rediffmail.com,9463996201,144550.33,33,29,4,regular,False,2026-03-09 23:05:49
CUST00775,Anjali Bose,anjali.bose775@outlook.com,9702416787,103708.84,10,10,0,regular,False,2025-01-12 22:04:30
CUST00776,Anjali Bansal,anjali.bansal776@yahoo.com,9905906132,136592.36,12,11,1,regular,False,2026-08-06 13:59:21
CUST00777,Saanvi Nair,saanvi.nair777@hotmail.com,9576987762,496803.51,61,57,4,high_value,True,2026-08-02 11:37:22
CUST00778,Nisha Singh,nisha.singh778@rediffmail.com,9125830942,16108.39,11,8,3,at_risk,False,2025-02-17 17:52:40
CUST00779,Kavya Kumar,kavya.kumar779@yahoo.com,9374399576,10397.96,16,9,7,at_risk,True,2025-09-26 17:23:36
CUST00780,Vivaan Das,vivaan.das780@gmail.com,9420001194,61605.39,31,27,4,regular,False,2026-04-24 22:06:41
CUST00781,Aadhya Nair,aadhya.nair781@hotmail.com,9729243930,86120.77,37,34,3,regular,False,2026-06-24 12:24:36
CUST00782,Arun Agarwal,arun.agarwal782@rediffmail.com,9170285223,72974.19,19,16,3,regular,True,2025-02-04 02:39:30
CUST00783,Reyansh Nair,reyansh.nair783@hotmail.com,9799597461,15661.45,16,10,6,at_risk,False,2025-03-31 16:35:33
CUST00784,Rohan Joshi,rohan.joshi784@hotmail.com,9280590847,23813.75,16,7,9,at_risk,False,2026-07-14 23:57:49
CUST00785,Arun Menon,arun.menon785@outlook.com,9801216599,8.14,3,2,1,new,False,2024-09-28 10:09:33
CUST00786,Amit Bose,amit.bose786@yahoo.com,9728309864,14845.9,8,4,4,at_risk,False,2025-10-22 20:44:01
CUST00787,Sneha Das,sneha.das787@gmail.com,9991740555,511711.4,55,48,7,high_value,False,2025-03-27 12:24:40
CUST00788,Rahul Bose,rahul.bose788@outlook.com,9908199028,55491.71,25,23,2,regular,False,2024-12-20 12:02:29
CUST00789,Vivaan Das,vivaan.das789@yahoo.com,9794113197,9131.8,0,0,0,new,False,2025-06-28 03:45:52
CUST00790,Suresh Desai,suresh.desai790@hotmail.com,9187132846,27718.4,5,3,2,at_risk,False,2024-10-07 07:47:30
CUST00791,Krishna Joshi,krishna.joshi791@rediffmail.com,9988485748,70277.63,5,5,0,regular,False,2026-02-09 07:48:49
CUST00792,Aarav Nair,aarav.nair792@gmail.com,9914348348,139781.83,27,26,1,regular,False,2024-11-23 12:57:42
CUST00793,Myra Nair,myra.nair793@rediffmail.com,9489767404,470344.62,110,98,12,high_value,False,2026-02-06 00:45:19
CUST00794,Sneha Gupta,sneha.gupta794@outlook.com,9711068865,42162.02,17,15,2,regular,False,2024-09-26 02:02:48
CUST00795,Anjali Singh,anjali.singh795@gmail.com,9731536919,192282.06,53,46,7,high_value,False,2025-03-08 14:00:44
CUST00796,Aadhya Chatterjee,aadhya.chatterjee796@gmail.com,9844087852,99879.35,40,35,5,regular,True,2025-06-14 00:39:48
CUST00797,Vihaan Mehta,vihaan.mehta797@rediffmail.com,9536879666,108422.55,34,31,3,regular,False,2026-07-12 15:49:29
CUST00798,Vihaan Iyer,vihaan.iyer798@rediffmail.com,9671671189,20670.71,17,16,1,regular,False,2026-07-31 15:47:07
CUST00799,Nisha Patel,nisha.patel799@yahoo.com,9311394879,60404.76,11,11,0,regular,False,2026-08-01 02:25:36
CUST00800,Rahul Iyer,rahul.iyer800@yahoo.com,9215793020,144644.35,8,7,1,regular,False,2025-12-26 21:20:44
CUST00801,Varun Menon,varun.menon801@rediffmail.com,9920444599,440196.52,35,34,1,high_value,True,2026-07-22 10:15:35
CUST00802,Karan Das,karan.das802@gmail.com,9940360006,747425.26,76,74,2,high_value,False,2025-06-09 21:36:17
CUST00803,Reyansh Chatterjee,reyansh.chatterjee803@gmail.com,9700498762,702454.05,71,69,2,high_value,False,2025-12-30 02:10:13
CUST00804,Nikhil Sharma,nikhil.sharma804@rediffmail.com,9512230991,75653.75,11,10,1,regular,False,2026-07-30 07:28:04
CUST00805,Divya Mehta,divya.mehta805@hotmail.com,9306675241,157987.58,111,108,3,high_value,False,2026-02-08 03:07:48
CUST00806,Ishaan Bose,ishaan.bose806@hotmail.com,9375185107,82581.91,33,32,1,regular,False,2026-07-11 21:47:52
CUST00807,Ishaan Reddy,ishaan.reddy807@hotmail.com,9567988362,104721.65,27,25,2,regular,False,2026-03-29 18:37:59
CUST00808,Deepak Reddy,deepak.reddy808@hotmail.com,9468186412,146135.24,38,34,4,regular,False,2026-06-28 15:21:26
CUST00809,Lakshmi Agarwal,lakshmi.agarwal809@gmail.com,9553184702,146946.4,17,15,2,regular,False,2024-10-11 06:40:46
CUST00810,Arun Menon,arun.menon810@outlook.com,9721063811,63635.86,24,22,2,regular,False,2025-05-17 22:27:50
CUST00811,Suresh Nair,suresh.nair811@gmail.com,9785870900,49935.62,18,17,1,regular,False,2025-09-20 10:18:49
CUST00812,Saanvi Desai,saanvi.desai812@yahoo.com,9987001282,5442.26,0,0,0,new,False,2026-04-02 13:25:14
CUST00813,Vikram Rao,vikram.rao813@hotmail.com,9921984514,146790.21,17,16,1,regular,False,2025-11-30 17:39:17
CUST00814,Rahul Agarwal,rahul.agarwal814@yahoo.com,9291707402,42890.07,21,18,3,regular,True,2024-10-01 19:00:12
CUST00815,Pooja Bose,pooja.bose815@gmail.com,9463336272,4576.09,1,1,0,new,False,2026-03-03 04:48:55
CUST00816,Nikhil Kapoor,nikhil.kapoor816@gmail.com,9227231238,750701.05,44,42,2,high_value,False,2025-08-07 12:25:26
CUST00817,Varun Kapoor,varun.kapoor817@yahoo.com,9149601706,25556.41,20,13,7,at_risk,False,2025-12-15 22:03:40
CUST00818,Neha Kumar,neha.kumar818@hotmail.com,9727153504,12323.32,5,3,2,at_risk,False,2024-12-04 21:38:17
CUST00819,Ananya Bansal,ananya.bansal819@rediffmail.com,9906710856,31289.77,14,8,6,at_risk,False,2025-09-30 10:23:15
CUST00820,Divya Das,divya.das820@rediffmail.com,9868423193,7106.37,4,3,1,new,False,2025-01-05 00:20:38
CUST00821,Aditya Rao,aditya.rao821@yahoo.com,9317970120,50470.0,18,17,1,regular,False,2025-01-17 18:16:35
CUST00822,Sanjay Iyer,sanjay.iyer822@hotmail.com,9191009197,204618.3,76,69,7,high_value,False,2026-07-14 07:03:39
CUST00823,Lakshmi Menon,lakshmi.menon823@outlook.com,9557523905,76225.74,28,25,3,regular,False,2025-07-30 23:06:01
CUST00824,Diya Malhotra,diya.malhotra824@yahoo.com,9385212538,66682.08,10,9,1,regular,False,2025-02-12 00:33:55
CUST00825,Sai Iyer,sai.iyer825@yahoo.com,9205665981,384153.98,89,85,4,high_value,False,2025-09-22 14:53:49
CUST00826,Riya Mishra,riya.mishra826@outlook.com,9304700754,149739.44,39,34,5,regular,True,2025-10-23 13:44:18
CUST00827,Amit Desai,amit.desai827@rediffmail.com,9982466864,105190.11,35,31,4,regular,False,2026-03-26 09:31:39
CUST00828,Myra Nair,myra.nair828@yahoo.com,9609424194,96310.47,40,35,5,regular,False,2025-05-10 11:35:50
CUST00829,Sai Mehta,sai.mehta829@yahoo.com,9560412945,29427.94,9,6,3,at_risk,False,2026-07-26 10:21:28
CUST00830,Ishaan Pillai,ishaan.pillai830@yahoo.com,9428105366,145.22,2,2,0,new,False,2024-09-22 09:18:50
CUST00831,Rakesh Reddy,rakesh.reddy831@outlook.com,9730238228,660482.58,37,36,1,high_value,False,2025-09-21 03:18:47
CUST00832,Varun Menon,varun.menon832@hotmail.com,9519710523,3063.07,3,3,0,new,False,2025-04-26 20:02:41
CUST00833,Rahul Pillai,rahul.pillai833@rediffmail.com,9786124569,8263.45,6,3,3,at_risk,False,2024-09-19 02:01:56
CUST00834,Suresh Sharma,suresh.sharma834@yahoo.com,9313673270,775946.46,56,53,3,high_value,False,2025-03-07 21:27:08
CUST00835,Arun Verma,arun.verma835@outlook.com,9656769159,362401.85,72,67,5,high_value,False,2026-04-15 04:28:07
CUST00836,Meera Chopra,meera.chopra836@gmail.com,9517677937,12985.49,1,1,0,new,False,2024-08-29 06:42:50
CUST00837,Ananya Menon,ananya.menon837@hotmail.com,9433196834,85321.75,34,32,2,regular,True,2026-04-01 07:46:18
CUST00838,Arjun Desai,arjun.desai838@hotmail.com,9967117209,62755.89,36,33,3,regular,False,2026-05-24 13:31:03
CUST00839,Arun Joshi,arun.joshi839@outlook.com,9519930083,125298.02,16,15,1,regular,False,2024-12-01 08:16:07
CUST00840,Arun Desai,arun.desai840@yahoo.com,9850032322,71161.67,7,7,0,regular,False,2025-11-18 01:07:56
CUST00841,Rakesh Reddy,rakesh.reddy841@gmail.com,9849519028,137290.51,36,33,3,regular,False,2026-04-23 10:34:30
CUST00842,Arjun Gupta,arjun.gupta842@hotmail.com,9923065067,19353.36,8,5,3,at_risk,False,2025-05-09 23:01:39
CUST00843,Arjun Bose,arjun.bose843@rediffmail.com,9509262673,71914.44,17,16,1,regular,True,2026-04-30 19:01:52
CUST00844,Karan Chatterjee,karan.chatterjee844@rediffmail.com,9620506264,30731.32,20,18,2,regular,False,2025-04-30 13:50:13
CUST00845,Ananya Singh,ananya.singh845@gmail.com,9751749006,341194.02,88,78,10,high_value,False,2024-10-07 23:35:31
CUST00846,Neha Kumar,neha.kumar846@rediffmail.com,9484492979,112873.6,39,37,2,regular,False,2024-11-13 04:57:46
CUST00847,Reyansh Desai,reyansh.desai847@outlook.com,9576727072,153032.73,118,110,8,high_value,False,2025-12-13 10:21:35
CUST00848,Anika Rao,anika.rao848@gmail.com,9117221150,148607.78,26,23,3,regular,False,2026-06-22 15:58:10
CUST00849,Reyansh Chatterjee,reyansh.chatterjee849@yahoo.com,9877401428,74038.4,11,10,1,regular,False,2024-11-22 17:05:56
CUST00850,Nikhil Rao,nikhil.rao850@hotmail.com,9524196654,1812.06,1,1,0,new,False,2026-08-10 09:21:31
CUST00851,Karan Sharma,karan.sharma851@rediffmail.com,9328457837,28582.12,22,20,2,regular,False,2026-06-18 16:02:33
CUST00852,Meera Reddy,meera.reddy852@hotmail.com,9636415668,1527.2,4,3,1,new,False,2025-01-20 17:45:27
CUST00853,Priya Gupta,priya.gupta853@hotmail.com,9448272764,10444.73,1,1,0,new,False,2024-09-20 12:25:24
CUST00854,Deepak Patel,deepak.patel854@outlook.com,9118950252,96054.8,29,26,3,regular,False,2025-03-28 02:36:40
CUST00855,Aarav Nair,aarav.nair855@gmail.com,9761799351,9341.97,10,5,5,at_risk,False,2024-11-29 21:06:35
CUST00856,Vihaan Kumar,vihaan.kumar856@outlook.com,9635503487,39717.18,18,16,2,regular,False,2024-12-21 07:50:40
CUST00857,Rahul Kumar,rahul.kumar857@outlook.com,9440954543,118864.2,38,33,5,regular,False,2025-11-03 23:08:15
CUST00858,Myra Mishra,myra.mishra858@outlook.com,9468001834,90110.53,20,18,2,regular,False,2026-01-10 01:51:40
CUST00859,Pooja Bansal,pooja.bansal859@outlook.com,9297080451,20785.55,36,35,1,regular,False,2024-11-14 18:50:50
CUST00860,Saanvi Kumar,saanvi.kumar860@gmail.com,9286482992,128058.71,18,17,1,regular,True,2025-05-04 12:39:36
CUST00861,Ananya Mishra,ananya.mishra861@yahoo.com,9362986175,98760.66,24,23,1,regular,False,2024-11-13 16:40:02
CUST00862,Neha Chopra,neha.chopra862@gmail.com,9486098163,41809.58,33,31,2,regular,False,2025-06-08 18:19:29
CUST00863,Deepak Sharma,deepak.sharma863@rediffmail.com,9558914339,31560.04,12,7,5,at_risk,False,2026-02-27 14:37:57
CUST00864,Pooja Malhotra,pooja.malhotra864@outlook.com,9587052625,93078.47,35,34,1,regular,False,2025-05-02 16:52:28
CUST00865,Rohan Rao,rohan.rao865@gmail.com,9113780688,30562.9,14,8,6,at_risk,False,2025-07-17 10:24:52
CUST00866,Pooja Chopra,pooja.chopra866@outlook.com,9788320816,1068.52,0,0,0,new,False,2025-01-23 18:05:19
CUST00867,Aadhya Kapoor,aadhya.kapoor867@outlook.com,9928145258,10833.68,4,3,1,new,False,2025-08-13 21:53:57
CUST00868,Pooja Kapoor,pooja.kapoor868@yahoo.com,9360224411,139790.91,28,25,3,regular,False,2024-09-10 00:30:15
CUST00869,Rohan Iyer,rohan.iyer869@hotmail.com,9589058010,2210.51,1,1,0,new,False,2026-03-13 23:33:03
CUST00870,Krishna Patel,krishna.patel870@rediffmail.com,9526991604,146638.93,10,9,1,regular,False,2025-06-18 17:57:46
CUST00871,Nisha Iyer,nisha.iyer871@outlook.com,9637565427,9877.29,3,2,1,new,False,2026-05-26 20:01:18
CUST00872,Anjali Joshi,anjali.joshi872@yahoo.com,9388859459,140902.19,30,27,3,regular,True,2026-03-06 06:05:49
CUST00873,Aarav Gupta,aarav.gupta873@gmail.com,9930800901,88245.06,23,20,3,regular,False,2025-08-07 17:12:49
CUST00874,Ishaan Rao,ishaan.rao874@rediffmail.com,9295404184,34330.97,18,17,1,regular,True,2026-02-19 17:00:50
CUST00875,Priya Kapoor,priya.kapoor875@rediffmail.com,9773061511,1637.93,1,1,0,new,False,2026-04-20 13:55:25
CUST00876,Arjun Mehta,arjun.mehta876@gmail.com,9728833035,83075.27,11,11,0,regular,False,2026-08-18 02:47:38
CUST00877,Aditya Gupta,aditya.gupta877@yahoo.com,9660852445,18148.3,19,9,10,at_risk,False,2025-04-15 06:46:13
CUST00878,Rahul Menon,rahul.menon878@rediffmail.com,9461368026,135719.79,25,22,3,regular,False,2024-10-13 09:29:32
CUST00879,Pooja Menon,pooja.menon879@gmail.com,9482283477,33219.46,3,2,1,at_risk,False,2026-04-05 23:03:55
CUST00880,Varun Gupta,varun.gupta880@hotmail.com,9400075968,11271.6,1,1,0,new,False,2024-10-20 06:41:55
CUST00881,Lakshmi Kapoor,lakshmi.kapoor881@yahoo.com,9103359850,14363.21,2,2,0,new,False,2026-07-10 12:08:53
CUST00882,Vikram Nair,vikram.nair882@hotmail.com,9620266724,99637.0,10,9,1,regular,False,2025-04-25 00:01:51
CUST00883,Reyansh Mishra,reyansh.mishra883@rediffmail.com,9415532960,112552.46,38,33,5,regular,False,2025-03-27 22:50:40
CUST00884,Ishaan Chopra,ishaan.chopra884@gmail.com,9423570275,39870.67,17,12,5,at_risk,False,2026-04-29 06:26:42
CUST00885,Rakesh Nair,rakesh.nair885@yahoo.com,9327247605,142747.28,10,10,0,regular,False,2026-07-27 18:09:58
CUST00886,Karan Desai,karan.desai886@outlook.com,9336626964,106571.25,12,11,1,regular,False,2024-11-15 06:05:18
CUST00887,Sai Das,sai.das887@outlook.com,9340310093,11495.06,4,4,0,new,False,2025-07-31 00:11:30
CUST00888,Manoj Kapoor,manoj.kapoor888@yahoo.com,9340035882,57826.95,12,12,0,regular,False,2026-02-14 19:46:22
CUST00889,Anjali Joshi,anjali.joshi889@yahoo.com,9436480931,8653.75,0,0,0,new,False,2026-02-12 09:52:05
CUST00890,Nisha Mehta,nisha.mehta890@outlook.com,9956328583,123553.49,38,34,4,regular,False,2026-05-08 09:36:26
CUST00891,Aarav Agarwal,aarav.agarwal891@rediffmail.com,9439223200,762878.44,48,44,4,high_value,False,2024-12-18 13:40:56
CUST00892,Rohan Mishra,rohan.mishra892@gmail.com,9743042838,85309.14,12,11,1,regular,False,2025-01-15 06:35:11
CUST00893,Saanvi Chopra,saanvi.chopra893@outlook.com,9856065079,882.19,2,2,0,new,False,2026-01-07 22:05:11
CUST00894,Diya Chopra,diya.chopra894@rediffmail.com,9421158083,9888.75,1,1,0,new,False,2025-09-14 08:37:11
CUST00895,Deepak Joshi,deepak.joshi895@rediffmail.com,9519900806,622390.49,56,50,6,high_value,False,2025-02-10 09:39:48
CUST00896,Reyansh Kumar,reyansh.kumar896@outlook.com,9907739980,35304.94,4,2,2,at_risk,False,2025-05-14 00:09:56
CUST00897,Ananya Pillai,ananya.pillai897@yahoo.com,9574469049,57840.6,14,13,1,regular,False,2026-02-06 00:17:21
CUST00898,Aarav Joshi,aarav.joshi898@hotmail.com,9209465657,148502.94,14,13,1,regular,False,2024-09-29 17:52:31
CUST00899,Vihaan Gupta,vihaan.gupta899@outlook.com,9608820219,26821.38,37,33,4,regular,False,2026-03-26 01:10:22
CUST00900,Sneha Nair,sneha.nair900@gmail.com,9227563259,83521.37,16,14,2,regular,False,2024-09-16 00:01:27
CUST00901,Sai Malhotra,sai.malhotra901@rediffmail.com,9395510969,77865.38,5,5,0,regular,False,2025-04-12 00:38:50
CUST00902,Lakshmi Nair,lakshmi.nair902@gmail.com,9730125913,94441.97,22,20,2,regular,False,2024-12-26 17:24:24
CUST00903,Pooja Chopra,pooja.chopra903@rediffmail.com,9420365200,32927.36,9,8,1,regular,False,2025-02-21 17:16:07
CUST00904,Sneha Das,sneha.das904@gmail.com,9522835822,89734.18,38,35,3,regular,False,2025-01-04 04:22:35
CUST00905,Krishna Rao,krishna.rao905@gmail.com,9293986672,29332.56,3,2,1,at_risk,False,2026-04-22 22:34:30
CUST00906,Ishaan Pillai,ishaan.pillai906@yahoo.com,9800767402,93124.51,7,7,0,regular,False,2025-10-24 10:45:48
CUST00907,Rakesh Singh,rakesh.singh907@rediffmail.com,9806693247,345389.99,86,74,12,high_value,False,2025-02-25 07:48:04
CUST00908,Ishaan Pillai,ishaan.pillai908@rediffmail.com,9846359545,138401.81,27,24,3,regular,False,2024-09-20 20:23:43
CUST00909,Aditya Nair,aditya.nair909@gmail.com,9301942549,706455.36,47,40,7,high_value,False,2026-01-16 02:27:14
CUST00910,Amit Iyer,amit.iyer910@yahoo.com,9882869895,29666.76,21,20,1,regular,False,2026-03-11 09:26:04
CUST00911,Arun Patel,arun.patel911@outlook.com,9826413906,110287.0,39,37,2,regular,False,2025-11-23 00:56:56
CUST00912,Aadhya Das,aadhya.das912@outlook.com,9705206157,126666.07,15,14,1,regular,False,2025-06-07 10:12:12
CUST00913,Vivaan Menon,vivaan.menon913@yahoo.com,9183241401,89091.12,40,37,3,regular,False,2026-05-26 10:47:25
CUST00914,Rahul Iyer,rahul.iyer914@yahoo.com,9956950522,21282.23,29,25,4,regular,False,2026-05-10 19:30:13
CUST00915,Diya Bansal,diya.bansal915@outlook.com,9732248231,22136.65,19,12,7,at_risk,False,2025-11-10 03:55:09
CUST00916,Neha Menon,neha.menon916@gmail.com,9151500184,143046.34,29,28,1,regular,False,2024-09-30 04:38:32
CUST00917,Manoj Menon,manoj.menon917@rediffmail.com,9612026532,53677.93,37,33,4,regular,False,2026-04-01 10:12:30
CUST00918,Anjali Mishra,anjali.mishra918@outlook.com,9156762956,9587.9,2,1,1,new,False,2024-12-10 08:46:20
CUST00919,Arun Singh,arun.singh919@rediffmail.com,9480106125,22578.02,11,5,6,at_risk,False,2026-01-03 12:53:19
CUST00920,Sai Reddy,sai.reddy920@rediffmail.com,9927402258,31718.28,10,10,0,regular,False,2026-05-22 17:59:19
CUST00921,Anjali Verma,anjali.verma921@gmail.com,9898229824,140846.57,5,4,1,regular,False,2025-03-23 19:01:59
CUST00922,Deepak Chopra,deepak.chopra922@hotmail.com,9835643996,13321.21,0,0,0,new,False,2026-08-18 08:31:38
CUST00923,Rakesh Mishra,rakesh.mishra923@outlook.com,9362235929,9917.61,4,3,1,new,True,2025-05-23 17:51:51
CUST00924,Divya Nair,divya.nair924@yahoo.com,9180662039,37331.44,27,23,4,regular,False,2025-08-02 17:47:35
CUST00925,Sanjay Gupta,sanjay.gupta925@outlook.com,9829138534,90085.55,12,11,1,regular,False,2025-11-27 16:14:34
CUST00926,Aarav Mishra,aarav.mishra926@hotmail.com,9522647841,59626.57,37,32,5,regular,True,2025-05-08 01:30:31
CUST00927,Suresh Verma,suresh.verma927@outlook.com,9106325523,62711.73,27,26,1,regular,False,2026-02-16 09:21:41
CUST00928,Amit Sharma,amit.sharma928@gmail.com,9562572075,31016.69,37,32,5,regular,False,2025-04-13 23:44:55
CUST00929,Rohan Chatterjee,rohan.chatterjee929@outlook.com,9342767911,68660.23,28,26,2,regular,False,2025-11-23 20:02:34
CUST00930,Vikram Chatterjee,vikram.chatterjee930@rediffmail.com,9273768263,635609.21,20,19,1,high_value,False,2026-02-03 19:58:15
CUST00931,Aadhya Reddy,aadhya.reddy931@gmail.com,9243538161,116710.12,7,7,0,regular,False,2025-04-22 14:19:22
CUST00932,Krishna Kapoor,krishna.kapoor932@rediffmail.com,9690690799,108625.74,13,12,1,regular,False,2025-07-12 05:43:41
CUST00933,Pooja Kumar,pooja.kumar933@gmail.com,9215834822,9414.33,14,8,6,at_risk,False,2025-12-26 22:06:20
CUST00934,Rahul Kapoor,rahul.kapoor934@hotmail.com,9891811110,462125.46,56,51,5,high_value,False,2025-12-15 01:30:49
CUST00935,Rohan Mishra,rohan.mishra935@hotmail.com,9300639654,119674.59,21,18,3,regular,False,2025-06-12 16:46:34
CUST00936,Deepak Das,deepak.das936@gmail.com,9852848656,99443.06,17,14,3,regular,False,2024-11-14 18:35:07
CUST00937,Myra Gupta,myra.gupta937@yahoo.com,9530874516,793759.22,38,35,3,high_value,False,2026-05-24 22:08:42
CUST00938,Pooja Kapoor,pooja.kapoor938@hotmail.com,9429043827,147416.16,19,18,1,regular,False,2025-03-21 08:27:03
CUST00939,Vihaan Reddy,vihaan.reddy939@gmail.com,9389100789,142589.84,31,29,2,regular,False,2026-02-20 22:30:41
CUST00940,Aarav Verma,aarav.verma940@outlook.com,9327609166,56420.72,11,10,1,regular,False,2025-04-09 10:45:45
CUST00941,Rahul Reddy,rahul.reddy941@gmail.com,9204031858,108785.0,13,12,1,regular,False,2025-08-20 02:33:31
CUST00942,Divya Menon,divya.menon942@outlook.com,9355821370,47304.33,29,28,1,regular,False,2024-11-19 02:05:17
CUST00943,Krishna Verma,krishna.verma943@hotmail.com,9802608498,11752.46,17,8,9,at_risk,True,2025-02-12 01:27:46
CUST00944,Rahul Reddy,rahul.reddy944@rediffmail.com,9917104656,113700.03,7,7,0,regular,False,2024-08-27 14:48:21
CUST00945,Manoj Joshi,manoj.joshi945@outlook.com,9581554115,35265.76,32,31,1,regular,False,2025-03-28 23:12:13
CUST00946,Ananya Menon,ananya.menon946@outlook.com,9848082615,4344.85,4,4,0,new,False,2026-02-12 09:31:40
CUST00947,Suresh Chatterjee,suresh.chatterjee947@hotmail.com,9651353212,2482.77,4,3,1,new,False,2025-07-11 01:53:31
CUST00948,Neha Rao,neha.rao948@yahoo.com,9103866057,48315.0,5,4,1,regular,False,2025-05-16 05:39:24
CUST00949,Divya Iyer,divya.iyer949@outlook.com,9336584331,54906.9,12,11,1,regular,True,2025-12-25 13:22:28
CUST00950,Aditya Bose,aditya.bose950@yahoo.com,9398238769,4056.52,0,0,0,new,False,2026-01-22 04:32:10
CUST00951,Krishna Sharma,krishna.sharma951@outlook.com,9779338069,67984.32,10,9,1,regular,False,2025-11-28 19:08:08
CUST00952,Meera Menon,meera.menon952@outlook.com,9448574326,9389.33,0,0,0,new,False,2025-11-12 17:33:55
CUST00953,Priya Sharma,priya.sharma953@hotmail.com,9805789384,11672.79,4,3,1,new,False,2025-07-30 00:11:42
CUST00954,Priya Bose,priya.bose954@hotmail.com,9691500536,77484.04,25,24,1,regular,False,2025-07-17 18:20:00
CUST00955,Vikram Nair,vikram.nair955@rediffmail.com,9495824195,461354.48,83,79,4,high_value,False,2026-02-26 17:07:26
CUST00956,Anjali Chopra,anjali.chopra956@yahoo.com,9795316843,60320.83,16,14,2,regular,False,2026-02-14 21:28:17
CUST00957,Rohan Patel,rohan.patel957@rediffmail.com,9363339299,103865.44,30,29,1,regular,False,2026-08-13 02:02:06
CUST00958,Reyansh Desai,reyansh.desai958@rediffmail.com,9122243544,158808.84,102,88,14,high_value,False,2026-06-01 14:15:18
CUST00959,Rohan Bose,rohan.bose959@hotmail.com,9114492185,5328.87,6,4,2,at_risk,False,2024-08-31 20:54:24
CUST00960,Aadhya Kumar,aadhya.kumar960@rediffmail.com,9915691332,77762.41,15,14,1,regular,False,2025-12-19 21:57:57
CUST00961,Rakesh Das,rakesh.das961@outlook.com,9773757807,22757.03,7,7,0,regular,False,2025-03-20 08:52:48
CUST00962,Rohan Sharma,rohan.sharma962@yahoo.com,9125770743,70099.8,27,24,3,regular,False,2024-09-24 09:59:31
CUST00963,Krishna Chopra,krishna.chopra963@yahoo.com,9218257262,144340.64,23,21,2,regular,False,2026-04-26 10:52:30
CUST00964,Sai Verma,sai.verma964@hotmail.com,9262245578,88962.48,16,14,2,regular,False,2024-10-11 13:01:14
CUST00965,Nikhil Reddy,nikhil.reddy965@outlook.com,9211586005,84902.6,28,24,4,regular,False,2024-08-27 21:13:11
CUST00966,Aarav Kumar,aarav.kumar966@yahoo.com,9443872264,440352.01,120,102,18,high_value,False,2026-05-02 02:57:41
CUST00967,Nisha Mishra,nisha.mishra967@outlook.com,9255335893,796601.59,43,38,5,high_value,False,2025-04-06 08:34:08
CUST00968,Deepak Das,deepak.das968@rediffmail.com,9746116751,16671.28,10,6,4,at_risk,False,2025-02-20 04:33:58
CUST00969,Suresh Agarwal,suresh.agarwal969@hotmail.com,9981976044,30870.3,31,28,3,regular,False,2026-01-13 20:49:24
CUST00970,Anika Joshi,anika.joshi970@gmail.com,9318269877,257.32,4,3,1,new,False,2026-05-05 21:49:52
CUST00971,Amit Joshi,amit.joshi971@yahoo.com,9416428807,128582.8,40,34,6,regular,False,2025-12-20 16:19:39
CUST00972,Myra Verma,myra.verma972@yahoo.com,9225880985,10559.44,3,2,1,new,False,2025-06-17 10:28:03
CUST00973,Vihaan Das,vihaan.das973@gmail.com,9811619517,81987.45,15,15,0,regular,False,2026-06-06 15:04:42
CUST00974,Arjun Sharma,arjun.sharma974@hotmail.com,9992352458,10240.1,8,5,3,at_risk,False,2025-03-03 13:05:43
CUST00975,Deepak Kapoor,deepak.kapoor975@outlook.com,9576713058,29333.65,12,9,3,at_risk,True,2024-11-06 22:49:51
CUST00976,Varun Singh,varun.singh976@hotmail.com,9272173204,691242.06,107,92,15,high_value,False,2024-08-27 14:36:17
CUST00977,Anjali Bansal,anjali.bansal977@outlook.com,9861661789,141088.53,22,19,3,regular,False,2026-04-19 16:17:11
CUST00978,Sneha Menon,sneha.menon978@gmail.com,9335048971,126925.65,40,36,4,regular,True,2024-09-15 06:56:42
CUST00979,Deepak Mehta,deepak.mehta979@rediffmail.com,9988256872,27107.32,28,25,3,regular,False,2026-05-06 20:11:57
CUST00980,Arjun Joshi,arjun.joshi980@hotmail.com,9936227191,5981.71,12,8,4,at_risk,False,2026-01-21 02:15:36
CUST00981,Aarav Reddy,aarav.reddy981@yahoo.com,9692374111,140796.25,20,19,1,regular,False,2025-01-24 22:21:59
CUST00982,Anjali Chopra,anjali.chopra982@gmail.com,9151592119,142656.19,5,4,1,regular,False,2025-07-14 05:47:16
CUST00983,Aadhya Mehta,aadhya.mehta983@rediffmail.com,9879201690,36837.2,11,10,1,regular,False,2025-03-28 20:19:22
CUST00984,Lakshmi Kumar,lakshmi.kumar984@gmail.com,9730474896,21693.36,4,3,1,at_risk,False,2025-05-08 21:07:58
CUST00985,Sai Das,sai.das985@yahoo.com,9331549411,27897.71,8,4,4,at_risk,False,2024-12-10 00:17:01
CUST00986,Divya Mehta,divya.mehta986@rediffmail.com,9943265140,339047.03,99,86,13,high_value,False,2024-08-26 09:53:13
CUST00987,Anika Rao,anika.rao987@hotmail.com,9751629270,249060.91,100,85,15,high_value,False,2026-08-10 18:48:27
CUST00988,Riya Agarwal,riya.agarwal988@gmail.com,9635702961,353917.16,57,55,2,high_value,False,2025-08-18 11:08:04
CUST00989,Sai Patel,sai.patel989@yahoo.com,9863060026,14028.04,18,8,10,at_risk,False,2025-05-30 00:19:25
CUST00990,Ishaan Gupta,ishaan.gupta990@hotmail.com,9624264108,708352.12,71,66,5,high_value,False,2024-09-28 19:18:14
CUST00991,Vikram Joshi,vikram.joshi991@hotmail.com,9770693402,5605.25,3,2,1,new,False,2024-09-26 22:26:47
CUST00992,Nikhil Bose,nikhil.bose992@gmail.com,9895688388,29491.09,20,15,5,at_risk,False,2025-11-01 10:19:01
CUST00993,Ananya Pillai,ananya.pillai993@rediffmail.com,9178360259,133640.66,10,9,1,regular,False,2025-02-24 07:04:31
CUST00994,Reyansh Patel,reyansh.patel994@yahoo.com,9885740776,773706.29,70,62,8,high_value,False,2025-09-23 21:39:10
CUST00995,Karan Mehta,karan.mehta995@hotmail.com,9622155300,116367.02,12,11,1,regular,True,2026-03-19 06:53:21
CUST00996,Rohan Bose,rohan.bose996@yahoo.com,9443797765,148415.4,29,28,1,regular,False,2025-06-11 06:45:50
CUST00997,Saanvi Verma,saanvi.verma997@yahoo.com,9124634572,10255.07,2,2,0,new,False,2026-04-02 21:28:43
CUST00998,Neha Desai,neha.desai998@gmail.com,9420336702,20799.73,16,9,7,at_risk,False,2025-12-03 17:17:53
CUST00999,Vihaan Patel,vihaan.patel999@rediffmail.com,9467240263,4453.57,1,1,0,new,False,2025-04-26 04:30:11
CUST01000,Ananya Das,ananya.das1000@rediffmail.com,9480848036,8554.75,0,0,0,new,False,2026-02-03 21:10:02
