id,customer_id,amount,billing_cycle,next_payment_date,status,payment_method,failure_reason,retry_count,created_at,expected_recovery_action,expected_outcome,recoverable,expected_amount_recovered
SUB00001,CUST00419,2695.1,quarterly,2026-08-27,ACTIVE,UPI,,0,2026-01-27 10:10:50,NONE,ALREADY_SUCCESSFUL,False,0
SUB00002,CUST00231,758.92,monthly,2026-07-12,PAST_DUE,CARD,INSUFFICIENT_FUNDS,3,2025-02-15 12:58:08,ESCALATE,NOT_RECOVERED,False,0
SUB00003,CUST00367,552.06,quarterly,2026-08-30,ACTIVE,CARD,,0,2026-04-03 05:23:41,NONE,ALREADY_SUCCESSFUL,False,0
SUB00004,CUST00277,4801.83,monthly,2026-09-11,ACTIVE,NETBANKING,,0,2026-06-21 11:27:20,NONE,ALREADY_SUCCESSFUL,False,0
SUB00005,CUST00488,4600.07,monthly,2026-09-22,ACTIVE,NETBANKING,,0,2025-11-15 22:12:31,NONE,ALREADY_SUCCESSFUL,False,0
SUB00006,CUST00697,2293.55,monthly,2026-09-14,ACTIVE,NETBANKING,,0,2025-07-13 06:51:22,NONE,ALREADY_SUCCESSFUL,False,0
SUB00007,CUST00822,2793.54,monthly,2026-09-22,ACTIVE,WALLET,,0,2024-08-25 11:24:22,NONE,ALREADY_SUCCESSFUL,False,0
SUB00008,CUST00756,408.39,monthly,2026-08-07,PAST_DUE,CARD,INSUFFICIENT_FUNDS,4,2026-07-12 02:52:54,ESCALATE,NOT_RECOVERED,False,0
SUB00009,CUST00366,2903.7,monthly,2026-07-29,PAST_DUE,NETBANKING,INSUFFICIENT_FUNDS,0,2025-08-12 19:54:36,RETRY_PAYMENT,NOT_RECOVERED,False,0
SUB00010,CUST00693,3189.82,monthly,2026-09-05,ACTIVE,CARD,,0,2024-10-07 23:48:13,NONE,ALREADY_SUCCESSFUL,False,0
SUB00011,CUST00944,3296.52,monthly,2026-09-12,ACTIVE,UPI,,0,2025-05-07 14:01:38,NONE,ALREADY_SUCCESSFUL,False,0
SUB00012,CUST00642,3454.51,quarterly,,PAUSED,UPI,,0,2025-10-13 06:24:34,NONE,PAUSED,False,0
SUB00013,CUST00269,4872.19,annual,2026-09-11,ACTIVE,NETBANKING,,0,2025-01-13 06:14:43,NONE,ALREADY_SUCCESSFUL,False,0
SUB00014,CUST00308,2124.58,monthly,2026-08-31,ACTIVE,WALLET,,0,2026-05-13 12:26:39,NONE,ALREADY_SUCCESSFUL,False,0
SUB00015,CUST00674,834.58,annual,,CANCELLED,WALLET,,0,2024-09-28 11:25:54,NONE,STOPPED,False,0
SUB00016,CUST00087,1514.41,monthly,2026-09-07,ACTIVE,CARD,,0,2025-10-14 04:34:45,NONE,ALREADY_SUCCESSFUL,False,0
SUB00017,CUST00249,365.39,monthly,2026-09-09,ACTIVE,WALLET,,0,2026-05-13 05:38:10,NONE,ALREADY_SUCCESSFUL,False,0
SUB00018,CUST00709,868.89,annual,,CANCELLED,NETBANKING,,0,2026-03-14 15:33:45,NONE,STOPPED,False,0
SUB00019,CUST00375,2731.35,monthly,,CANCELLED,NETBANKING,,0,2025-03-05 18:42:13,NONE,STOPPED,False,0
SUB00020,CUST00081,4590.19,monthly,,PAUSED,WALLET,,0,2025-06-30 03:03:30,NONE,PAUSED,False,0
SUB00021,CUST00761,4769.47,monthly,2026-08-04,PAST_DUE,CARD,TEMPORARY_DECLINE,0,2025-12-13 18:18:25,RETRY_PAYMENT,RECOVERED,True,4769.47
SUB00022,CUST00549,3545.58,monthly,2026-08-30,ACTIVE,CARD,,0,2026-01-15 04:12:26,NONE,ALREADY_SUCCESSFUL,False,0
SUB00023,CUST00098,2077.61,monthly,2026-09-22,ACTIVE,NETBANKING,,0,2025-06-09 19:19:56,NONE,ALREADY_SUCCESSFUL,False,0
SUB00024,CUST00648,975.1,monthly,2026-09-06,ACTIVE,UPI,,0,2025-08-31 04:16:13,NONE,ALREADY_SUCCESSFUL,False,0
SUB00025,CUST00669,3181.63,monthly,2026-09-01,ACTIVE,UPI,,0,2025-12-28 19:44:05,NONE,ALREADY_SUCCESSFUL,False,0
SUB00026,CUST00078,1031.51,monthly,,CANCELLED,CARD,,0,2025-05-13 14:03:33,NONE,STOPPED,False,0
SUB00027,CUST00847,1997.26,monthly,2026-07-14,PAST_DUE,CARD,TEMPORARY_DECLINE,1,2025-09-23 14:24:40,RETRY_PAYMENT,NOT_RECOVERED,False,0
SUB00028,CUST00492,1056.85,monthly,2026-07-25,PAST_DUE,WALLET,TEMPORARY_DECLINE,3,2025-03-30 13:42:00,ESCALATE,NOT_RECOVERED,False,0
SUB00029,CUST00493,2395.52,quarterly,2026-09-03,ACTIVE,NETBANKING,,0,2024-12-06 16:57:45,NONE,ALREADY_SUCCESSFUL,False,0
SUB00030,CUST00492,4485.26,quarterly,2026-09-09,ACTIVE,NETBANKING,,0,2026-06-14 10:45:34,NONE,ALREADY_SUCCESSFUL,False,0
SUB00031,CUST00314,357.41,monthly,2026-09-13,ACTIVE,WALLET,,0,2026-04-18 23:50:05,NONE,ALREADY_SUCCESSFUL,False,0
SUB00032,CUST00309,292.32,quarterly,2026-07-28,PAST_DUE,CARD,INSUFFICIENT_FUNDS,2,2024-09-14 12:11:41,RETRY_PAYMENT,NOT_RECOVERED,False,0
SUB00033,CUST00006,2948.58,monthly,2026-08-03,PAST_DUE,CARD,EXPIRED_CARD,0,2024-09-26 15:54:05,SEND_PAYMENT_LINK,RECOVERED,True,2948.58
SUB00034,CUST00817,3416.56,monthly,2026-09-10,ACTIVE,UPI,,0,2025-09-12 10:03:15,NONE,ALREADY_SUCCESSFUL,False,0
SUB00035,CUST00266,496.41,monthly,,PAUSED,UPI,,0,2025-07-25 21:11:21,NONE,PAUSED,False,0
SUB00036,CUST00054,461.06,monthly,2026-09-13,ACTIVE,NETBANKING,,0,2024-09-24 05:55:57,NONE,ALREADY_SUCCESSFUL,False,0
SUB00037,CUST00340,2354.25,quarterly,2026-08-27,ACTIVE,WALLET,,0,2026-06-26 22:22:52,NONE,ALREADY_SUCCESSFUL,False,0
SUB00038,CUST00849,3700.68,monthly,2026-09-14,ACTIVE,UPI,,0,2024-11-15 16:00:33,NONE,ALREADY_SUCCESSFUL,False,0
SUB00039,CUST00565,2282.57,monthly,2026-09-25,ACTIVE,WALLET,,0,2025-03-19 02:29:27,NONE,ALREADY_SUCCESSFUL,False,0
SUB00040,CUST00220,4918.78,monthly,2026-08-09,PAST_DUE,UPI,EXPIRED_CARD,0,2024-10-02 04:52:54,SEND_PAYMENT_LINK,NOT_RECOVERED,False,0
SUB00041,CUST00286,1314.23,quarterly,2026-09-18,ACTIVE,NETBANKING,,0,2026-04-30 01:28:09,NONE,ALREADY_SUCCESSFUL,False,0
SUB00042,CUST00562,326.45,monthly,2026-09-08,ACTIVE,UPI,,0,2025-04-23 09:25:58,NONE,ALREADY_SUCCESSFUL,False,0
SUB00043,CUST00253,1143.18,quarterly,2026-09-06,ACTIVE,NETBANKING,,0,2025-05-15 11:47:42,NONE,ALREADY_SUCCESSFUL,False,0
SUB00044,CUST00899,386.82,monthly,2026-08-28,ACTIVE,NETBANKING,,0,2024-12-01 10:38:43,NONE,ALREADY_SUCCESSFUL,False,0
SUB00045,CUST00495,3859.28,quarterly,2026-09-20,ACTIVE,UPI,,0,2025-10-15 12:50:32,NONE,ALREADY_SUCCESSFUL,False,0
SUB00046,CUST00296,2922.54,monthly,2026-09-02,ACTIVE,CARD,,0,2025-04-16 23:33:04,NONE,ALREADY_SUCCESSFUL,False,0
SUB00047,CUST00502,1683.72,monthly,2026-08-27,ACTIVE,CARD,,0,2025-08-27 18:15:48,NONE,ALREADY_SUCCESSFUL,False,0
SUB00048,CUST00550,613.01,annual,2026-08-06,PAST_DUE,CARD,PAYMENT_METHOD_REMOVED,3,2024-11-13 15:30:17,ESCALATE,NOT_RECOVERED,False,0
SUB00049,CUST00148,4950.54,monthly,2026-09-04,ACTIVE,WALLET,,0,2025-07-12 05:04:44,NONE,ALREADY_SUCCESSFUL,False,0
SUB00050,CUST00080,4910.67,quarterly,2026-08-03,PAST_DUE,NETBANKING,INSUFFICIENT_FUNDS,3,2025-02-08 23:10:37,ESCALATE,NOT_RECOVERED,False,0
SUB00051,CUST00164,255.23,monthly,2026-09-04,ACTIVE,WALLET,,0,2024-10-03 08:47:47,NONE,ALREADY_SUCCESSFUL,False,0
SUB00052,CUST00560,526.87,monthly,2026-09-19,ACTIVE,NETBANKING,,0,2026-07-15 17:13:56,NONE,ALREADY_SUCCESSFUL,False,0
SUB00053,CUST00472,3213.01,monthly,2026-09-01,ACTIVE,CARD,,0,2025-09-15 22:54:20,NONE,ALREADY_SUCCESSFUL,False,0
SUB00054,CUST00360,2275.8,monthly,2026-08-18,PAST_DUE,WALLET,EXPIRED_CARD,1,2025-02-02 20:52:21,SEND_PAYMENT_LINK,NOT_RECOVERED,False,0
SUB00055,CUST00480,2020.23,quarterly,2026-08-16,PAST_DUE,CARD,INSUFFICIENT_FUNDS,0,2026-01-11 12:27:04,RETRY_PAYMENT,NOT_RECOVERED,False,0
SUB00056,CUST00530,2509.88,monthly,2026-09-09,ACTIVE,UPI,,0,2024-12-13 15:19:02,NONE,ALREADY_SUCCESSFUL,False,0
SUB00057,CUST00292,280.36,monthly,,CANCELLED,WALLET,,0,2026-04-16 11:35:15,NONE,STOPPED,False,0
SUB00058,CUST00180,3179.93,monthly,,CANCELLED,NETBANKING,,0,2026-03-25 05:16:10,NONE,STOPPED,False,0
SUB00059,CUST00053,902.58,monthly,2026-09-04,ACTIVE,UPI,,0,2026-06-10 17:23:08,NONE,ALREADY_SUCCESSFUL,False,0
SUB00060,CUST00645,250.51,monthly,2026-09-19,ACTIVE,UPI,,0,2026-01-05 05:25:16,NONE,ALREADY_SUCCESSFUL,False,0
SUB00061,CUST00567,1342.29,quarterly,2026-09-10,ACTIVE,UPI,,0,2026-02-01 19:34:43,NONE,ALREADY_SUCCESSFUL,False,0
SUB00062,CUST00844,2777.72,quarterly,2026-09-18,ACTIVE,CARD,,0,2025-07-21 10:26:47,NONE,ALREADY_SUCCESSFUL,False,0
SUB00063,CUST00832,4520.07,monthly,2026-09-22,ACTIVE,WALLET,,0,2026-06-17 22:15:08,NONE,ALREADY_SUCCESSFUL,False,0
SUB00064,CUST00277,3503.01,monthly,2026-09-10,ACTIVE,WALLET,,0,2025-01-09 13:31:43,NONE,ALREADY_SUCCESSFUL,False,0
SUB00065,CUST00156,1953.41,monthly,2026-07-14,PAST_DUE,CARD,EXPIRED_CARD,4,2025-08-15 14:17:12,ESCALATE,NOT_RECOVERED,False,0
SUB00066,CUST00027,3358.42,monthly,2026-09-19,ACTIVE,WALLET,,0,2025-05-08 22:36:01,NONE,ALREADY_SUCCESSFUL,False,0
SUB00067,CUST00096,4094.2,quarterly,,PAUSED,CARD,,0,2026-06-12 03:35:55,NONE,PAUSED,False,0
SUB00068,CUST00089,3774.91,monthly,2026-09-16,ACTIVE,UPI,,0,2024-11-13 23:23:16,NONE,ALREADY_SUCCESSFUL,False,0
SUB00069,CUST00433,4848.61,quarterly,,PAUSED,NETBANKING,,0,2024-10-01 14:04:37,NONE,PAUSED,False,0
SUB00070,CUST00148,908.36,monthly,2026-08-20,PAST_DUE,UPI,INSUFFICIENT_FUNDS,2,2026-02-14 19:51:59,RETRY_PAYMENT,NOT_RECOVERED,False,0
SUB00071,CUST00142,4742.46,monthly,2026-09-05,ACTIVE,WALLET,,0,2026-06-23 09:43:44,NONE,ALREADY_SUCCESSFUL,False,0
SUB00072,CUST00873,1389.85,monthly,2026-09-14,ACTIVE,CARD,,0,2026-05-28 13:30:41,NONE,ALREADY_SUCCESSFUL,False,0
SUB00073,CUST00768,1915.57,monthly,2026-08-14,PAST_DUE,CARD,EXPIRED_CARD,2,2025-09-06 01:25:01,SEND_PAYMENT_LINK,RECOVERED,True,1915.57
SUB00074,CUST00735,2464.18,monthly,2026-08-06,PAST_DUE,NETBANKING,EXPIRED_CARD,0,2026-02-28 20:53:52,SEND_PAYMENT_LINK,NOT_RECOVERED,False,0
SUB00075,CUST00004,4854.79,quarterly,2026-09-13,ACTIVE,WALLET,,0,2025-05-16 03:06:37,NONE,ALREADY_SUCCESSFUL,False,0
SUB00076,CUST00922,3144.26,monthly,2026-09-24,ACTIVE,WALLET,,0,2026-06-21 08:26:09,NONE,ALREADY_SUCCESSFUL,False,0
SUB00077,CUST00411,2366.97,monthly,2026-09-19,ACTIVE,WALLET,,0,2025-05-29 08:09:02,NONE,ALREADY_SUCCESSFUL,False,0
SUB00078,CUST00700,2192.81,quarterly,2026-08-16,PAST_DUE,CARD,TEMPORARY_DECLINE,1,2025-03-10 19:51:32,RETRY_PAYMENT,RECOVERED,True,2192.81
SUB00079,CUST00463,3808.16,monthly,2026-09-23,ACTIVE,WALLET,,0,2026-06-14 01:19:49,NONE,ALREADY_SUCCESSFUL,False,0
SUB00080,CUST00935,4824.19,annual,2026-07-24,PAST_DUE,NETBANKING,TEMPORARY_DECLINE,2,2024-12-26 06:36:55,RETRY_PAYMENT,RECOVERED,True,4824.19
SUB00081,CUST00650,493.46,quarterly,2026-07-26,PAST_DUE,NETBANKING,EXPIRED_CARD,1,2025-06-20 17:37:27,SEND_PAYMENT_LINK,RECOVERED,True,493.46
SUB00082,CUST00024,3503.25,monthly,,CANCELLED,NETBANKING,,0,2025-07-03 01:26:52,NONE,STOPPED,False,0
SUB00083,CUST00387,4538.69,monthly,2026-09-20,ACTIVE,CARD,,0,2025-12-06 19:58:54,NONE,ALREADY_SUCCESSFUL,False,0
SUB00084,CUST00406,2210.43,monthly,2026-07-24,PAST_DUE,UPI,PAYMENT_METHOD_REMOVED,3,2025-04-11 06:45:42,ESCALATE,NOT_RECOVERED,False,0
SUB00085,CUST00804,3434.25,monthly,2026-09-03,ACTIVE,NETBANKING,,0,2024-10-16 21:32:48,NONE,ALREADY_SUCCESSFUL,False,0
SUB00086,CUST00425,1652.46,monthly,2026-09-01,ACTIVE,CARD,,0,2025-09-07 06:59:48,NONE,ALREADY_SUCCESSFUL,False,0
SUB00087,CUST00961,3472.03,annual,2026-09-08,ACTIVE,NETBANKING,,0,2025-12-22 18:20:01,NONE,ALREADY_SUCCESSFUL,False,0
SUB00088,CUST00064,1601.1,monthly,2026-09-16,ACTIVE,WALLET,,0,2025-01-20 23:16:56,NONE,ALREADY_SUCCESSFUL,False,0
SUB00089,CUST00789,551.62,monthly,,CANCELLED,UPI,,0,2026-01-30 15:19:03,NONE,STOPPED,False,0
SUB00090,CUST00242,1036.94,quarterly,2026-09-23,ACTIVE,NETBANKING,,0,2024-09-09 15:31:53,NONE,ALREADY_SUCCESSFUL,False,0
SUB00091,CUST00188,1826.8,monthly,2026-08-31,ACTIVE,UPI,,0,2026-06-21 16:37:28,NONE,ALREADY_SUCCESSFUL,False,0
SUB00092,CUST00624,4979.76,monthly,2026-09-23,ACTIVE,CARD,,0,2024-10-17 10:45:52,NONE,ALREADY_SUCCESSFUL,False,0
SUB00093,CUST00199,327.3,monthly,2026-09-21,ACTIVE,NETBANKING,,0,2026-03-09 13:10:54,NONE,ALREADY_SUCCESSFUL,False,0
SUB00094,CUST00548,4876.91,monthly,2026-09-13,ACTIVE,UPI,,0,2026-03-29 08:42:30,NONE,ALREADY_SUCCESSFUL,False,0
SUB00095,CUST00272,872.47,quarterly,2026-09-07,ACTIVE,UPI,,0,2025-03-17 06:23:12,NONE,ALREADY_SUCCESSFUL,False,0
SUB00096,CUST00331,1165.61,monthly,2026-09-25,ACTIVE,UPI,,0,2025-01-26 14:58:09,NONE,ALREADY_SUCCESSFUL,False,0
SUB00097,CUST00787,1644.03,monthly,2026-09-04,ACTIVE,WALLET,,0,2025-06-14 13:51:46,NONE,ALREADY_SUCCESSFUL,False,0
SUB00098,CUST00803,338.38,monthly,,CANCELLED,WALLET,,0,2024-12-20 09:23:42,NONE,STOPPED,False,0
SUB00099,CUST00086,3037.89,monthly,2026-09-20,ACTIVE,CARD,,0,2024-11-11 05:40:34,NONE,ALREADY_SUCCESSFUL,False,0
SUB00100,CUST00177,4244.42,monthly,2026-07-12,PAST_DUE,UPI,INSUFFICIENT_FUNDS,1,2025-08-11 00:22:15,RETRY_PAYMENT,NOT_RECOVERED,False,0
SUB00101,CUST00382,243.39,monthly,2026-09-25,ACTIVE,WALLET,,0,2024-11-25 18:50:14,NONE,ALREADY_SUCCESSFUL,False,0
SUB00102,CUST00794,2299.88,monthly,2026-09-21,ACTIVE,WALLET,,0,2025-09-21 00:30:34,NONE,ALREADY_SUCCESSFUL,False,0
SUB00103,CUST00174,3066.36,monthly,2026-08-31,ACTIVE,UPI,,0,2025-11-19 07:06:01,NONE,ALREADY_SUCCESSFUL,False,0
SUB00104,CUST00153,1353.11,monthly,2026-09-08,ACTIVE,NETBANKING,,0,2025-03-29 19:02:29,NONE,ALREADY_SUCCESSFUL,False,0
SUB00105,CUST00868,3110.35,quarterly,,CANCELLED,NETBANKING,,0,2026-07-18 20:05:48,NONE,STOPPED,False,0
SUB00106,CUST00282,2409.76,monthly,,CANCELLED,UPI,,0,2025-08-06 05:05:54,NONE,STOPPED,False,0
SUB00107,CUST00794,2647.89,monthly,2026-09-12,ACTIVE,UPI,,0,2025-12-18 02:53:51,NONE,ALREADY_SUCCESSFUL,False,0
SUB00108,CUST00476,4465.68,monthly,2026-09-19,ACTIVE,UPI,,0,2025-10-20 21:28:54,NONE,ALREADY_SUCCESSFUL,False,0
SUB00109,CUST00952,4834.83,monthly,2026-09-06,ACTIVE,UPI,,0,2024-08-29 21:06:45,NONE,ALREADY_SUCCESSFUL,False,0
SUB00110,CUST00760,415.83,quarterly,2026-08-05,PAST_DUE,UPI,EXPIRED_CARD,0,2026-06-25 14:52:15,SEND_PAYMENT_LINK,NOT_RECOVERED,False,0
SUB00111,CUST00278,474.09,monthly,2026-08-30,ACTIVE,NETBANKING,,0,2026-01-31 08:19:50,NONE,ALREADY_SUCCESSFUL,False,0
SUB00112,CUST00931,4925.69,monthly,,CANCELLED,WALLET,,0,2026-05-02 13:46:22,NONE,STOPPED,False,0
SUB00113,CUST00404,241.67,monthly,,CANCELLED,WALLET,,0,2025-06-05 17:54:41,NONE,STOPPED,False,0
SUB00114,CUST00299,1024.68,monthly,2026-09-08,ACTIVE,WALLET,,0,2025-10-09 06:56:20,NONE,ALREADY_SUCCESSFUL,False,0
SUB00115,CUST00866,4862.69,monthly,2026-09-07,ACTIVE,WALLET,,0,2025-06-16 03:52:42,NONE,ALREADY_SUCCESSFUL,False,0
SUB00116,CUST00219,4742.28,quarterly,2026-09-03,ACTIVE,CARD,,0,2025-08-02 01:07:32,NONE,ALREADY_SUCCESSFUL,False,0
SUB00117,CUST00074,4367.14,quarterly,,PAUSED,CARD,,0,2025-01-31 00:15:43,NONE,PAUSED,False,0
SUB00118,CUST00594,3483.84,quarterly,2026-09-20,ACTIVE,NETBANKING,,0,2025-01-22 12:13:42,NONE,ALREADY_SUCCESSFUL,False,0
SUB00119,CUST00002,4618.61,quarterly,2026-08-27,ACTIVE,NETBANKING,,0,2024-12-17 05:13:36,NONE,ALREADY_SUCCESSFUL,False,0
SUB00120,CUST00961,3229.31,monthly,2026-07-17,PAST_DUE,NETBANKING,EXPIRED_CARD,1,2025-05-08 15:29:58,SEND_PAYMENT_LINK,RECOVERED,True,3229.31
SUB00121,CUST00128,736.38,monthly,2026-09-18,ACTIVE,CARD,,0,2025-06-08 18:40:53,NONE,ALREADY_SUCCESSFUL,False,0
SUB00122,CUST00181,368.85,monthly,2026-09-16,ACTIVE,NETBANKING,,0,2025-08-25 19:41:09,NONE,ALREADY_SUCCESSFUL,False,0
SUB00123,CUST00898,3244.83,monthly,2026-08-20,PAST_DUE,UPI,EXPIRED_CARD,0,2024-12-05 12:44:17,SEND_PAYMENT_LINK,RECOVERED,True,3244.83
SUB00124,CUST00195,1168.38,annual,2026-09-24,ACTIVE,CARD,,0,2026-02-06 07:37:18,NONE,ALREADY_SUCCESSFUL,False,0
SUB00125,CUST00924,1701.94,quarterly,2026-09-19,ACTIVE,NETBANKING,,0,2026-04-18 16:36:44,NONE,ALREADY_SUCCESSFUL,False,0
SUB00126,CUST00821,4102.17,monthly,2026-08-24,PAST_DUE,UPI,PAYMENT_METHOD_REMOVED,2,2025-08-17 03:57:54,SEND_PAYMENT_LINK,NOT_RECOVERED,False,0
SUB00127,CUST00493,805.98,monthly,2026-07-28,PAST_DUE,NETBANKING,INSUFFICIENT_FUNDS,2,2025-01-21 17:32:50,RETRY_PAYMENT,NOT_RECOVERED,False,0
SUB00128,CUST00045,3757.72,monthly,2026-09-06,ACTIVE,WALLET,,0,2025-08-31 03:59:04,NONE,ALREADY_SUCCESSFUL,False,0
SUB00129,CUST00736,2718.56,monthly,,CANCELLED,WALLET,,0,2025-11-02 09:00:56,NONE,STOPPED,False,0
SUB00130,CUST00991,4214.71,annual,2026-07-18,PAST_DUE,CARD,INSUFFICIENT_FUNDS,3,2026-01-12 20:28:19,ESCALATE,NOT_RECOVERED,False,0
SUB00131,CUST00653,2685.23,monthly,2026-09-04,ACTIVE,CARD,,0,2026-04-03 07:11:47,NONE,ALREADY_SUCCESSFUL,False,0
SUB00132,CUST00544,3926.76,monthly,2026-08-21,PAST_DUE,NETBANKING,EXPIRED_CARD,2,2026-05-24 04:48:22,SEND_PAYMENT_LINK,NOT_RECOVERED,False,0
SUB00133,CUST00831,3693.46,monthly,2026-09-21,ACTIVE,NETBANKING,,0,2025-05-15 06:51:08,NONE,ALREADY_SUCCESSFUL,False,0
SUB00134,CUST00105,970.57,monthly,,CANCELLED,NETBANKING,,0,2024-12-07 11:05:11,NONE,STOPPED,False,0
SUB00135,CUST00953,1532.19,monthly,2026-09-03,ACTIVE,NETBANKING,,0,2025-05-06 07:00:30,NONE,ALREADY_SUCCESSFUL,False,0
SUB00136,CUST00238,2816.96,quarterly,2026-09-07,ACTIVE,CARD,,0,2026-06-14 11:12:24,NONE,ALREADY_SUCCESSFUL,False,0
SUB00137,CUST00159,4801.58,monthly,2026-08-31,ACTIVE,CARD,,0,2026-04-23 11:44:25,NONE,ALREADY_SUCCESSFUL,False,0
SUB00138,CUST00449,1531.81,monthly,2026-08-03,PAST_DUE,WALLET,PAYMENT_METHOD_REMOVED,2,2026-07-19 10:28:03,SEND_PAYMENT_LINK,RECOVERED,True,1531.81
SUB00139,CUST00405,429.87,quarterly,2026-08-23,PAST_DUE,NETBANKING,PAYMENT_METHOD_REMOVED,2,2026-04-28 17:03:48,SEND_PAYMENT_LINK,RECOVERED,True,429.87
SUB00140,CUST00271,2788.4,quarterly,2026-09-22,ACTIVE,CARD,,0,2026-04-15 21:46:13,NONE,ALREADY_SUCCESSFUL,False,0
SUB00141,CUST00936,3933.42,monthly,2026-09-06,ACTIVE,CARD,,0,2025-11-28 23:01:13,NONE,ALREADY_SUCCESSFUL,False,0
SUB00142,CUST00030,2225.99,monthly,2026-08-15,PAST_DUE,CARD,TEMPORARY_DECLINE,1,2025-10-24 02:47:26,RETRY_PAYMENT,RECOVERED,True,2225.99
SUB00143,CUST00788,4198.27,monthly,2026-09-22,ACTIVE,CARD,,0,2024-10-15 08:12:46,NONE,ALREADY_SUCCESSFUL,False,0
SUB00144,CUST00239,3466.39,monthly,2026-09-03,ACTIVE,WALLET,,0,2025-05-09 02:25:29,NONE,ALREADY_SUCCESSFUL,False,0
SUB00145,CUST00629,3479.4,monthly,2026-08-05,PAST_DUE,NETBANKING,INSUFFICIENT_FUNDS,0,2024-12-27 09:36:36,RETRY_PAYMENT,RECOVERED,True,3479.4
SUB00146,CUST00685,4017.8,monthly,2026-09-11,ACTIVE,NETBANKING,,0,2024-10-31 05:21:54,NONE,ALREADY_SUCCESSFUL,False,0
SUB00147,CUST00302,4286.54,monthly,2026-09-18,ACTIVE,UPI,,0,2026-03-28 00:05:08,NONE,ALREADY_SUCCESSFUL,False,0
SUB00148,CUST00141,523.06,monthly,2026-09-20,ACTIVE,WALLET,,0,2025-07-23 10:46:46,NONE,ALREADY_SUCCESSFUL,False,0
SUB00149,CUST00303,3849.87,monthly,2026-09-19,ACTIVE,WALLET,,0,2025-09-23 23:46:55,NONE,ALREADY_SUCCESSFUL,False,0
SUB00150,CUST00004,4421.06,monthly,2026-07-15,PAST_DUE,NETBANKING,TEMPORARY_DECLINE,4,2025-12-31 03:32:49,ESCALATE,NOT_RECOVERED,False,0
SUB00151,CUST00557,4501.99,quarterly,2026-09-07,ACTIVE,CARD,,0,2025-09-02 20:57:29,NONE,ALREADY_SUCCESSFUL,False,0
SUB00152,CUST00109,2911.24,quarterly,,CANCELLED,WALLET,,0,2026-06-16 08:15:27,NONE,STOPPED,False,0
SUB00153,CUST00478,1752.24,monthly,,CANCELLED,CARD,,0,2025-07-27 12:49:13,NONE,STOPPED,False,0
SUB00154,CUST00506,957.4,monthly,2026-07-17,PAST_DUE,NETBANKING,EXPIRED_CARD,1,2024-12-11 18:00:33,SEND_PAYMENT_LINK,NOT_RECOVERED,False,0
SUB00155,CUST00357,1995.31,monthly,2026-08-22,PAST_DUE,NETBANKING,EXPIRED_CARD,1,2026-01-14 08:29:03,SEND_PAYMENT_LINK,RECOVERED,True,1995.31
SUB00156,CUST00735,2933.08,quarterly,2026-09-16,ACTIVE,WALLET,,0,2025-03-19 12:40:37,NONE,ALREADY_SUCCESSFUL,False,0
SUB00157,CUST00827,373.48,monthly,2026-08-22,PAST_DUE,CARD,TEMPORARY_DECLINE,1,2025-01-28 13:35:37,RETRY_PAYMENT,RECOVERED,True,373.48
SUB00158,CUST00122,4464.81,monthly,2026-09-17,ACTIVE,NETBANKING,,0,2026-02-25 23:27:12,NONE,ALREADY_SUCCESSFUL,False,0
SUB00159,CUST00082,4036.61,quarterly,2026-09-02,ACTIVE,CARD,,0,2026-03-27 23:13:34,NONE,ALREADY_SUCCESSFUL,False,0
SUB00160,CUST00115,1378.08,monthly,2026-09-09,ACTIVE,UPI,,0,2024-12-04 09:28:35,NONE,ALREADY_SUCCESSFUL,False,0
SUB00161,CUST00873,1026.07,quarterly,,CANCELLED,CARD,,0,2026-05-29 06:24:11,NONE,STOPPED,False,0
SUB00162,CUST00100,555.37,quarterly,,CANCELLED,WALLET,,0,2025-06-10 02:23:45,NONE,STOPPED,False,0
SUB00163,CUST00208,1553.19,monthly,2026-07-31,PAST_DUE,WALLET,PAYMENT_METHOD_REMOVED,3,2025-11-20 18:06:35,ESCALATE,NOT_RECOVERED,False,0
SUB00164,CUST00428,4903.23,quarterly,2026-09-25,ACTIVE,CARD,,0,2025-01-11 23:18:57,NONE,ALREADY_SUCCESSFUL,False,0
SUB00165,CUST00935,2224.78,monthly,,CANCELLED,WALLET,,0,2025-08-20 01:05:50,NONE,STOPPED,False,0
SUB00166,CUST00698,674.9,monthly,2026-08-21,PAST_DUE,NETBANKING,TEMPORARY_DECLINE,4,2025-05-25 23:15:22,ESCALATE,NOT_RECOVERED,False,0
SUB00167,CUST00670,3145.92,monthly,,PAUSED,WALLET,,0,2025-02-24 11:19:16,NONE,PAUSED,False,0
SUB00168,CUST00250,599.05,monthly,2026-09-17,ACTIVE,WALLET,,0,2025-03-04 13:39:17,NONE,ALREADY_SUCCESSFUL,False,0
SUB00169,CUST00854,208.5,monthly,2026-09-21,ACTIVE,UPI,,0,2026-04-07 06:08:05,NONE,ALREADY_SUCCESSFUL,False,0
SUB00170,CUST00125,3814.01,monthly,2026-08-31,ACTIVE,UPI,,0,2025-11-28 00:17:35,NONE,ALREADY_SUCCESSFUL,False,0
SUB00171,CUST00514,1157.03,monthly,2026-09-20,ACTIVE,WALLET,,0,2024-12-19 20:19:05,NONE,ALREADY_SUCCESSFUL,False,0
SUB00172,CUST00766,3579.48,monthly,,CANCELLED,CARD,,0,2026-01-11 15:25:49,NONE,STOPPED,False,0
SUB00173,CUST00424,4687.46,monthly,2026-09-14,ACTIVE,WALLET,,0,2026-05-01 13:39:29,NONE,ALREADY_SUCCESSFUL,False,0
SUB00174,CUST00855,2274.02,monthly,2026-09-12,ACTIVE,CARD,,0,2026-05-27 13:28:22,NONE,ALREADY_SUCCESSFUL,False,0
SUB00175,CUST00459,3136.54,quarterly,2026-09-06,ACTIVE,UPI,,0,2025-01-25 02:26:14,NONE,ALREADY_SUCCESSFUL,False,0
SUB00176,CUST00707,408.22,monthly,,CANCELLED,WALLET,,0,2026-05-26 11:27:17,NONE,STOPPED,False,0
SUB00177,CUST00614,4731.85,monthly,,CANCELLED,CARD,,0,2025-04-13 20:40:44,NONE,STOPPED,False,0
SUB00178,CUST00860,272.97,monthly,2026-07-16,PAST_DUE,CARD,EXPIRED_CARD,0,2025-04-10 23:46:56,SEND_PAYMENT_LINK,NOT_RECOVERED,False,0
SUB00179,CUST00435,2191.34,monthly,2026-07-14,PAST_DUE,NETBANKING,TEMPORARY_DECLINE,3,2025-12-12 07:59:32,ESCALATE,NOT_RECOVERED,False,0
SUB00180,CUST00175,1588.76,monthly,2026-08-23,PAST_DUE,WALLET,TEMPORARY_DECLINE,1,2026-03-08 17:58:40,RETRY_PAYMENT,NOT_RECOVERED,False,0
SUB00181,CUST00634,1732.14,monthly,2026-08-29,ACTIVE,UPI,,0,2025-10-10 07:30:36,NONE,ALREADY_SUCCESSFUL,False,0
SUB00182,CUST00117,3876.39,quarterly,2026-08-19,PAST_DUE,UPI,TEMPORARY_DECLINE,2,2025-04-01 21:04:58,RETRY_PAYMENT,RECOVERED,True,3876.39
SUB00183,CUST00275,1365.62,monthly,2026-09-10,ACTIVE,WALLET,,0,2024-08-26 20:16:13,NONE,ALREADY_SUCCESSFUL,False,0
SUB00184,CUST00852,4528.68,monthly,2026-09-23,ACTIVE,UPI,,0,2026-03-16 22:48:03,NONE,ALREADY_SUCCESSFUL,False,0
SUB00185,CUST00968,2856.98,monthly,2026-09-01,ACTIVE,CARD,,0,2026-06-05 17:46:48,NONE,ALREADY_SUCCESSFUL,False,0
SUB00186,CUST00177,2449.28,monthly,2026-07-17,PAST_DUE,WALLET,TEMPORARY_DECLINE,0,2024-09-10 09:07:37,RETRY_PAYMENT,NOT_RECOVERED,False,0
SUB00187,CUST00533,366.65,monthly,2026-09-03,ACTIVE,CARD,,0,2026-01-07 19:30:57,NONE,ALREADY_SUCCESSFUL,False,0
SUB00188,CUST00303,2940.8,monthly,2026-09-21,ACTIVE,CARD,,0,2026-05-13 07:07:44,NONE,ALREADY_SUCCESSFUL,False,0
SUB00189,CUST00951,3741.02,annual,2026-09-02,ACTIVE,CARD,,0,2026-05-29 04:45:09,NONE,ALREADY_SUCCESSFUL,False,0
SUB00190,CUST00957,2310.29,monthly,2026-09-08,ACTIVE,UPI,,0,2026-05-15 01:19:43,NONE,ALREADY_SUCCESSFUL,False,0
SUB00191,CUST00638,1276.1,annual,2026-08-17,PAST_DUE,WALLET,EXPIRED_CARD,4,2026-01-02 17:07:02,ESCALATE,NOT_RECOVERED,False,0
SUB00192,CUST00040,725.47,quarterly,2026-07-23,PAST_DUE,NETBANKING,PAYMENT_METHOD_REMOVED,2,2025-03-02 02:47:16,SEND_PAYMENT_LINK,NOT_RECOVERED,False,0
SUB00193,CUST00498,1586.44,monthly,2026-09-01,ACTIVE,NETBANKING,,0,2026-03-17 03:06:21,NONE,ALREADY_SUCCESSFUL,False,0
SUB00194,CUST00108,4037.68,quarterly,2026-09-24,ACTIVE,WALLET,,0,2025-04-13 18:07:23,NONE,ALREADY_SUCCESSFUL,False,0
SUB00195,CUST00452,3448.03,monthly,2026-08-29,ACTIVE,NETBANKING,,0,2026-01-10 03:35:09,NONE,ALREADY_SUCCESSFUL,False,0
SUB00196,CUST00070,3892.58,monthly,,PAUSED,NETBANKING,,0,2025-03-29 06:44:57,NONE,PAUSED,False,0
SUB00197,CUST00144,1292.78,monthly,2026-09-02,ACTIVE,WALLET,,0,2024-12-02 18:17:12,NONE,ALREADY_SUCCESSFUL,False,0
SUB00198,CUST00461,3192.72,monthly,2026-08-09,PAST_DUE,NETBANKING,INSUFFICIENT_FUNDS,0,2026-02-18 02:45:10,RETRY_PAYMENT,NOT_RECOVERED,False,0
SUB00199,CUST00715,1250.21,monthly,2026-07-29,PAST_DUE,WALLET,PAYMENT_METHOD_REMOVED,2,2026-02-14 05:54:18,SEND_PAYMENT_LINK,NOT_RECOVERED,False,0
SUB00200,CUST00211,532.39,monthly,2026-09-02,ACTIVE,NETBANKING,,0,2025-03-27 18:46:45,NONE,ALREADY_SUCCESSFUL,False,0
SUB00201,CUST00719,428.49,monthly,2026-09-20,ACTIVE,CARD,,0,2025-04-15 12:40:32,NONE,ALREADY_SUCCESSFUL,False,0
SUB00202,CUST00837,4740.43,quarterly,2026-09-24,ACTIVE,NETBANKING,,0,2025-06-21 09:10:04,NONE,ALREADY_SUCCESSFUL,False,0
SUB00203,CUST00476,4872.3,monthly,2026-08-29,ACTIVE,UPI,,0,2025-09-21 03:55:01,NONE,ALREADY_SUCCESSFUL,False,0
SUB00204,CUST00373,1979.14,monthly,2026-09-14,ACTIVE,CARD,,0,2024-12-27 02:00:25,NONE,ALREADY_SUCCESSFUL,False,0
SUB00205,CUST00215,2514.69,monthly,2026-09-20,ACTIVE,UPI,,0,2026-03-28 14:50:24,NONE,ALREADY_SUCCESSFUL,False,0
SUB00206,CUST00980,2769.71,monthly,2026-08-14,PAST_DUE,UPI,EXPIRED_CARD,1,2025-12-10 07:22:13,SEND_PAYMENT_LINK,NOT_RECOVERED,False,0
SUB00207,CUST00625,1719.47,monthly,2026-09-03,ACTIVE,NETBANKING,,0,2024-08-26 16:29:47,NONE,ALREADY_SUCCESSFUL,False,0
SUB00208,CUST00258,1506.84,monthly,2026-09-22,ACTIVE,CARD,,0,2026-06-06 17:36:23,NONE,ALREADY_SUCCESSFUL,False,0
SUB00209,CUST00016,2792.16,monthly,2026-09-14,ACTIVE,CARD,,0,2026-01-09 06:52:00,NONE,ALREADY_SUCCESSFUL,False,0
SUB00210,CUST01000,928.37,annual,2026-09-14,ACTIVE,WALLET,,0,2025-11-03 06:34:42,NONE,ALREADY_SUCCESSFUL,False,0
SUB00211,CUST00686,343.9,monthly,,CANCELLED,WALLET,,0,2026-04-21 23:19:45,NONE,STOPPED,False,0
SUB00212,CUST00414,3631.1,quarterly,2026-07-27,PAST_DUE,NETBANKING,INSUFFICIENT_FUNDS,0,2026-03-16 13:02:00,RETRY_PAYMENT,NOT_RECOVERED,False,0
SUB00213,CUST00475,3459.19,monthly,,PAUSED,WALLET,,0,2024-11-27 08:48:38,NONE,PAUSED,False,0
SUB00214,CUST00480,2888.77,monthly,2026-08-16,PAST_DUE,UPI,EXPIRED_CARD,1,2024-09-24 19:54:26,SEND_PAYMENT_LINK,NOT_RECOVERED,False,0
SUB00215,CUST00241,1581.93,monthly,2026-09-20,ACTIVE,NETBANKING,,0,2025-06-17 21:05:20,NONE,ALREADY_SUCCESSFUL,False,0
SUB00216,CUST00330,3649.3,monthly,2026-09-23,ACTIVE,UPI,,0,2026-07-03 23:59:48,NONE,ALREADY_SUCCESSFUL,False,0
SUB00217,CUST00849,3009.49,monthly,,PAUSED,UPI,,0,2024-12-13 13:47:55,NONE,PAUSED,False,0
SUB00218,CUST00472,3358.96,monthly,2026-07-15,PAST_DUE,WALLET,INSUFFICIENT_FUNDS,1,2025-09-30 03:10:02,RETRY_PAYMENT,RECOVERED,True,3358.96
SUB00219,CUST00044,2934.38,quarterly,2026-09-05,ACTIVE,NETBANKING,,0,2025-11-10 01:02:14,NONE,ALREADY_SUCCESSFUL,False,0
SUB00220,CUST00913,897.5,annual,,CANCELLED,NETBANKING,,0,2026-04-30 04:25:33,NONE,STOPPED,False,0
SUB00221,CUST00592,4993.91,quarterly,2026-09-06,ACTIVE,UPI,,0,2024-11-18 10:57:22,NONE,ALREADY_SUCCESSFUL,False,0
SUB00222,CUST00829,1551.55,monthly,2026-09-22,ACTIVE,UPI,,0,2026-04-25 12:23:59,NONE,ALREADY_SUCCESSFUL,False,0
SUB00223,CUST00558,4868.28,monthly,2026-07-15,PAST_DUE,UPI,INSUFFICIENT_FUNDS,4,2024-10-28 13:07:46,ESCALATE,NOT_RECOVERED,False,0
SUB00224,CUST00241,444.05,monthly,2026-09-24,ACTIVE,UPI,,0,2024-11-24 06:39:35,NONE,ALREADY_SUCCESSFUL,False,0
SUB00225,CUST00083,4483.12,monthly,,CANCELLED,UPI,,0,2026-01-12 23:20:52,NONE,STOPPED,False,0
SUB00226,CUST00423,2435.28,annual,2026-09-03,ACTIVE,WALLET,,0,2025-05-30 02:22:32,NONE,ALREADY_SUCCESSFUL,False,0
SUB00227,CUST00271,870.67,annual,2026-09-07,ACTIVE,NETBANKING,,0,2024-10-01 19:40:28,NONE,ALREADY_SUCCESSFUL,False,0
SUB00228,CUST00787,3455.7,monthly,2026-09-12,ACTIVE,NETBANKING,,0,2025-02-16 06:14:36,NONE,ALREADY_SUCCESSFUL,False,0
SUB00229,CUST00929,3642.01,quarterly,,CANCELLED,UPI,,0,2025-03-07 00:06:59,NONE,STOPPED,False,0
SUB00230,CUST00308,2973.15,monthly,2026-09-23,ACTIVE,CARD,,0,2025-10-05 13:44:10,NONE,ALREADY_SUCCESSFUL,False,0
SUB00231,CUST00858,1432.21,quarterly,2026-09-11,ACTIVE,UPI,,0,2026-02-06 16:28:31,NONE,ALREADY_SUCCESSFUL,False,0
SUB00232,CUST00637,4356.85,monthly,2026-08-10,PAST_DUE,UPI,TEMPORARY_DECLINE,2,2026-07-09 20:25:27,RETRY_PAYMENT,RECOVERED,True,4356.85
SUB00233,CUST00155,2324.72,monthly,2026-08-28,ACTIVE,NETBANKING,,0,2025-04-16 06:38:05,NONE,ALREADY_SUCCESSFUL,False,0
SUB00234,CUST00002,1405.8,monthly,2026-09-07,ACTIVE,WALLET,,0,2026-07-07 12:08:13,NONE,ALREADY_SUCCESSFUL,False,0
SUB00235,CUST00466,3126.57,monthly,2026-08-18,PAST_DUE,CARD,INSUFFICIENT_FUNDS,0,2025-05-24 06:13:35,RETRY_PAYMENT,NOT_RECOVERED,False,0
SUB00236,CUST00520,4645.73,monthly,2026-07-16,PAST_DUE,WALLET,EXPIRED_CARD,4,2025-10-21 14:21:10,ESCALATE,NOT_RECOVERED,False,0
SUB00237,CUST00653,2800.13,monthly,2026-08-03,PAST_DUE,NETBANKING,EXPIRED_CARD,1,2024-10-20 06:00:49,SEND_PAYMENT_LINK,RECOVERED,True,2800.13
SUB00238,CUST00285,609.47,monthly,2026-09-13,ACTIVE,WALLET,,0,2025-01-22 10:28:08,NONE,ALREADY_SUCCESSFUL,False,0
SUB00239,CUST00785,4317.61,monthly,,CANCELLED,UPI,,0,2025-06-23 18:01:02,NONE,STOPPED,False,0
SUB00240,CUST00336,4750.84,annual,2026-08-24,PAST_DUE,NETBANKING,EXPIRED_CARD,0,2024-09-10 11:38:52,SEND_PAYMENT_LINK,RECOVERED,True,4750.84
SUB00241,CUST00342,802.63,monthly,2026-09-02,ACTIVE,WALLET,,0,2025-03-14 20:53:52,NONE,ALREADY_SUCCESSFUL,False,0
SUB00242,CUST00958,4655.5,monthly,2026-09-04,ACTIVE,NETBANKING,,0,2025-08-27 00:45:00,NONE,ALREADY_SUCCESSFUL,False,0
SUB00243,CUST00201,1236.54,annual,,PAUSED,UPI,,0,2025-02-15 06:23:21,NONE,PAUSED,False,0
SUB00244,CUST00568,4016.29,monthly,2026-09-18,ACTIVE,WALLET,,0,2025-12-01 20:25:54,NONE,ALREADY_SUCCESSFUL,False,0
SUB00245,CUST00124,3352.44,monthly,2026-08-31,ACTIVE,CARD,,0,2025-03-18 05:47:49,NONE,ALREADY_SUCCESSFUL,False,0
SUB00246,CUST00822,1779.28,quarterly,,CANCELLED,WALLET,,0,2026-04-28 15:41:36,NONE,STOPPED,False,0
SUB00247,CUST00573,1168.24,annual,2026-09-20,ACTIVE,NETBANKING,,0,2025-01-07 16:57:57,NONE,ALREADY_SUCCESSFUL,False,0
SUB00248,CUST00242,2229.85,monthly,2026-08-31,ACTIVE,WALLET,,0,2026-05-02 01:35:33,NONE,ALREADY_SUCCESSFUL,False,0
SUB00249,CUST00395,1348.12,monthly,2026-08-28,ACTIVE,WALLET,,0,2026-06-23 05:14:13,NONE,ALREADY_SUCCESSFUL,False,0
SUB00250,CUST00848,4717.53,monthly,2026-07-14,PAST_DUE,UPI,EXPIRED_CARD,3,2025-07-02 04:51:17,ESCALATE,NOT_RECOVERED,False,0
SUB00251,CUST00776,2088.06,monthly,2026-07-13,PAST_DUE,CARD,PAYMENT_METHOD_REMOVED,1,2026-01-29 03:57:53,SEND_PAYMENT_LINK,RECOVERED,True,2088.06
SUB00252,CUST00425,2850.47,monthly,,CANCELLED,NETBANKING,,0,2025-03-01 03:16:44,NONE,STOPPED,False,0
SUB00253,CUST00626,1205.34,monthly,2026-07-13,PAST_DUE,CARD,PAYMENT_METHOD_REMOVED,4,2025-02-11 00:05:25,ESCALATE,NOT_RECOVERED,False,0
SUB00254,CUST00929,4255.89,annual,2026-09-21,ACTIVE,CARD,,0,2025-02-16 20:40:48,NONE,ALREADY_SUCCESSFUL,False,0
SUB00255,CUST00891,4930.49,monthly,2026-08-31,ACTIVE,WALLET,,0,2024-09-17 14:06:45,NONE,ALREADY_SUCCESSFUL,False,0
SUB00256,CUST00462,1372.25,annual,2026-09-20,ACTIVE,WALLET,,0,2025-11-01 18:46:43,NONE,ALREADY_SUCCESSFUL,False,0
SUB00257,CUST00505,4947.65,monthly,2026-09-03,ACTIVE,CARD,,0,2024-09-28 19:49:41,NONE,ALREADY_SUCCESSFUL,False,0
SUB00258,CUST00683,3689.61,quarterly,2026-09-25,ACTIVE,NETBANKING,,0,2025-08-02 23:56:36,NONE,ALREADY_SUCCESSFUL,False,0
SUB00259,CUST00489,1425.07,monthly,2026-08-30,ACTIVE,UPI,,0,2024-12-13 04:58:18,NONE,ALREADY_SUCCESSFUL,False,0
SUB00260,CUST00899,1037.1,monthly,2026-08-07,PAST_DUE,CARD,INSUFFICIENT_FUNDS,0,2024-09-08 19:32:19,RETRY_PAYMENT,NOT_RECOVERED,False,0
SUB00261,CUST00177,969.51,monthly,2026-09-23,ACTIVE,CARD,,0,2024-10-21 05:18:36,NONE,ALREADY_SUCCESSFUL,False,0
SUB00262,CUST00791,2860.5,monthly,2026-07-19,PAST_DUE,UPI,PAYMENT_METHOD_REMOVED,4,2025-01-29 19:13:52,ESCALATE,RECOVERED,True,2860.5
SUB00263,CUST00449,2868.96,annual,2026-09-20,ACTIVE,CARD,,0,2024-10-15 17:47:31,NONE,ALREADY_SUCCESSFUL,False,0
SUB00264,CUST00068,1363.01,quarterly,2026-09-25,ACTIVE,UPI,,0,2024-09-16 07:12:51,NONE,ALREADY_SUCCESSFUL,False,0
SUB00265,CUST00100,3083.25,quarterly,,PAUSED,NETBANKING,,0,2025-01-14 07:25:55,NONE,PAUSED,False,0
SUB00266,CUST00014,2379.53,monthly,2026-08-21,PAST_DUE,CARD,TEMPORARY_DECLINE,2,2026-02-07 01:18:47,RETRY_PAYMENT,NOT_RECOVERED,False,0
SUB00267,CUST00096,1929.95,monthly,2026-09-10,ACTIVE,CARD,,0,2024-12-05 15:37:40,NONE,ALREADY_SUCCESSFUL,False,0
SUB00268,CUST00914,3350.96,monthly,2026-07-15,PAST_DUE,UPI,EXPIRED_CARD,0,2025-02-01 03:44:53,SEND_PAYMENT_LINK,RECOVERED,True,3350.96
SUB00269,CUST00697,3675.15,monthly,2026-08-29,ACTIVE,UPI,,0,2026-01-03 00:14:40,NONE,ALREADY_SUCCESSFUL,False,0
SUB00270,CUST00794,1675.98,monthly,2026-09-21,ACTIVE,WALLET,,0,2025-06-29 02:46:54,NONE,ALREADY_SUCCESSFUL,False,0
SUB00271,CUST00787,1255.26,monthly,2026-09-08,ACTIVE,WALLET,,0,2026-06-14 00:40:27,NONE,ALREADY_SUCCESSFUL,False,0
SUB00272,CUST00570,3598.89,monthly,2026-09-12,ACTIVE,WALLET,,0,2026-07-19 21:23:35,NONE,ALREADY_SUCCESSFUL,False,0
SUB00273,CUST00229,4899.79,monthly,2026-07-12,PAST_DUE,CARD,PAYMENT_METHOD_REMOVED,2,2026-05-18 15:02:46,SEND_PAYMENT_LINK,RECOVERED,True,4899.79
SUB00274,CUST00818,2642.99,quarterly,2026-07-30,PAST_DUE,NETBANKING,EXPIRED_CARD,1,2026-07-15 23:51:39,SEND_PAYMENT_LINK,RECOVERED,True,2642.99
SUB00275,CUST00945,2124.39,monthly,2026-09-09,ACTIVE,UPI,,0,2024-10-12 14:43:37,NONE,ALREADY_SUCCESSFUL,False,0
SUB00276,CUST00605,4378.72,monthly,2026-08-08,PAST_DUE,UPI,PAYMENT_METHOD_REMOVED,2,2026-02-08 19:25:19,SEND_PAYMENT_LINK,RECOVERED,True,4378.72
SUB00277,CUST00837,3863.79,monthly,2026-09-06,ACTIVE,CARD,,0,2026-04-15 20:42:08,NONE,ALREADY_SUCCESSFUL,False,0
SUB00278,CUST00700,1288.21,monthly,2026-08-31,ACTIVE,CARD,,0,2026-07-06 23:19:34,NONE,ALREADY_SUCCESSFUL,False,0
SUB00279,CUST00492,2207.59,quarterly,2026-08-02,PAST_DUE,NETBANKING,EXPIRED_CARD,2,2025-03-03 09:39:50,SEND_PAYMENT_LINK,RECOVERED,True,2207.59
SUB00280,CUST00759,1343.98,monthly,2026-09-08,ACTIVE,UPI,,0,2026-03-24 20:51:17,NONE,ALREADY_SUCCESSFUL,False,0
SUB00281,CUST00165,2058.59,quarterly,2026-09-04,ACTIVE,NETBANKING,,0,2026-06-08 01:14:05,NONE,ALREADY_SUCCESSFUL,False,0
SUB00282,CUST00309,390.53,monthly,2026-09-23,ACTIVE,WALLET,,0,2025-02-23 08:10:47,NONE,ALREADY_SUCCESSFUL,False,0
SUB00283,CUST00012,3563.51,quarterly,2026-08-09,PAST_DUE,NETBANKING,EXPIRED_CARD,0,2025-10-26 02:11:10,SEND_PAYMENT_LINK,RECOVERED,True,3563.51
SUB00284,CUST00169,902.04,annual,2026-08-12,PAST_DUE,CARD,EXPIRED_CARD,1,2025-09-08 22:36:27,SEND_PAYMENT_LINK,RECOVERED,True,902.04
SUB00285,CUST00423,4770.29,monthly,2026-08-24,PAST_DUE,WALLET,PAYMENT_METHOD_REMOVED,2,2024-08-26 08:33:34,SEND_PAYMENT_LINK,NOT_RECOVERED,False,0
SUB00286,CUST00606,4355.62,annual,2026-08-15,PAST_DUE,WALLET,INSUFFICIENT_FUNDS,2,2026-04-26 22:48:14,RETRY_PAYMENT,RECOVERED,True,4355.62
SUB00287,CUST00064,1494.47,monthly,2026-09-16,ACTIVE,UPI,,0,2024-11-14 19:48:11,NONE,ALREADY_SUCCESSFUL,False,0
SUB00288,CUST00328,203.67,monthly,2026-09-09,ACTIVE,WALLET,,0,2026-04-12 15:17:14,NONE,ALREADY_SUCCESSFUL,False,0
SUB00289,CUST00988,1024.68,monthly,2026-09-01,ACTIVE,WALLET,,0,2026-04-30 16:38:11,NONE,ALREADY_SUCCESSFUL,False,0
SUB00290,CUST00528,4637.06,quarterly,2026-08-27,ACTIVE,NETBANKING,,0,2024-12-05 15:36:24,NONE,ALREADY_SUCCESSFUL,False,0
SUB00291,CUST00645,688.45,monthly,2026-08-15,PAST_DUE,WALLET,EXPIRED_CARD,1,2025-06-29 03:13:54,SEND_PAYMENT_LINK,NOT_RECOVERED,False,0
SUB00292,CUST00571,4458.97,monthly,2026-09-05,ACTIVE,WALLET,,0,2025-02-09 12:18:34,NONE,ALREADY_SUCCESSFUL,False,0
SUB00293,CUST00543,670.98,monthly,2026-09-23,ACTIVE,NETBANKING,,0,2024-10-19 10:31:43,NONE,ALREADY_SUCCESSFUL,False,0
SUB00294,CUST00563,4442.91,monthly,2026-08-02,PAST_DUE,NETBANKING,INSUFFICIENT_FUNDS,1,2026-04-09 15:33:00,RETRY_PAYMENT,NOT_RECOVERED,False,0
SUB00295,CUST00533,3503.11,monthly,2026-08-17,PAST_DUE,CARD,TEMPORARY_DECLINE,4,2025-10-29 08:52:51,ESCALATE,NOT_RECOVERED,False,0
SUB00296,CUST00948,943.9,monthly,,PAUSED,CARD,,0,2026-06-03 21:44:29,NONE,PAUSED,False,0
SUB00297,CUST00687,4408.0,monthly,2026-09-04,ACTIVE,WALLET,,0,2024-08-27 11:24:03,NONE,ALREADY_SUCCESSFUL,False,0
SUB00298,CUST00373,1102.34,monthly,2026-08-29,ACTIVE,UPI,,0,2025-11-14 10:31:30,NONE,ALREADY_SUCCESSFUL,False,0
SUB00299,CUST00948,1861.24,monthly,2026-09-23,ACTIVE,UPI,,0,2025-01-22 22:17:51,NONE,ALREADY_SUCCESSFUL,False,0
SUB00300,CUST00135,4853.0,monthly,2026-09-24,ACTIVE,WALLET,,0,2025-11-28 23:04:26,NONE,ALREADY_SUCCESSFUL,False,0
SUB00301,CUST00537,453.08,monthly,2026-09-24,ACTIVE,UPI,,0,2025-03-28 19:52:03,NONE,ALREADY_SUCCESSFUL,False,0
SUB00302,CUST00870,1361.08,monthly,2026-07-23,PAST_DUE,WALLET,PAYMENT_METHOD_REMOVED,0,2024-09-19 16:39:17,SEND_PAYMENT_LINK,NOT_RECOVERED,False,0
SUB00303,CUST00897,1258.74,annual,,PAUSED,CARD,,0,2026-03-04 11:31:02,NONE,PAUSED,False,0
SUB00304,CUST00844,4574.73,monthly,,PAUSED,UPI,,0,2025-10-30 15:00:11,NONE,PAUSED,False,0
SUB00305,CUST00468,3414.38,monthly,2026-08-30,ACTIVE,NETBANKING,,0,2025-02-28 07:57:04,NONE,ALREADY_SUCCESSFUL,False,0
SUB00306,CUST00747,386.73,monthly,2026-09-21,ACTIVE,CARD,,0,2026-05-19 20:29:55,NONE,ALREADY_SUCCESSFUL,False,0
SUB00307,CUST00046,1734.97,quarterly,2026-08-06,PAST_DUE,CARD,INSUFFICIENT_FUNDS,4,2025-08-03 17:06:44,ESCALATE,NOT_RECOVERED,False,0
SUB00308,CUST00551,2777.05,quarterly,2026-09-10,ACTIVE,CARD,,0,2026-01-17 13:32:06,NONE,ALREADY_SUCCESSFUL,False,0
SUB00309,CUST00057,568.02,monthly,,CANCELLED,UPI,,0,2025-02-27 04:35:48,NONE,STOPPED,False,0
SUB00310,CUST00057,1157.96,monthly,,CANCELLED,UPI,,0,2025-09-20 12:42:46,NONE,STOPPED,False,0
SUB00311,CUST00568,2475.57,quarterly,2026-09-25,ACTIVE,CARD,,0,2025-01-20 17:27:45,NONE,ALREADY_SUCCESSFUL,False,0
SUB00312,CUST00930,4375.14,monthly,2026-08-29,ACTIVE,WALLET,,0,2026-03-18 10:45:22,NONE,ALREADY_SUCCESSFUL,False,0
SUB00313,CUST00512,2158.92,quarterly,2026-08-05,PAST_DUE,UPI,INSUFFICIENT_FUNDS,0,2026-03-21 13:37:45,RETRY_PAYMENT,RECOVERED,True,2158.92
SUB00314,CUST00972,3269.79,monthly,2026-09-17,ACTIVE,CARD,,0,2025-12-06 19:28:32,NONE,ALREADY_SUCCESSFUL,False,0
SUB00315,CUST00071,3162.8,monthly,2026-07-17,PAST_DUE,NETBANKING,INSUFFICIENT_FUNDS,2,2024-10-22 20:21:36,RETRY_PAYMENT,NOT_RECOVERED,False,0
SUB00316,CUST00076,2172.52,monthly,2026-09-13,ACTIVE,NETBANKING,,0,2025-10-12 22:52:34,NONE,ALREADY_SUCCESSFUL,False,0
SUB00317,CUST00330,1325.97,monthly,2026-08-30,ACTIVE,WALLET,,0,2025-01-02 07:55:59,NONE,ALREADY_SUCCESSFUL,False,0
SUB00318,CUST00351,2351.82,monthly,,CANCELLED,CARD,,0,2026-02-28 13:33:43,NONE,STOPPED,False,0
SUB00319,CUST00305,4343.12,monthly,2026-09-12,ACTIVE,WALLET,,0,2025-02-20 19:37:47,NONE,ALREADY_SUCCESSFUL,False,0
SUB00320,CUST00017,2822.66,monthly,2026-09-05,ACTIVE,WALLET,,0,2026-03-09 20:04:03,NONE,ALREADY_SUCCESSFUL,False,0
SUB00321,CUST00530,1726.85,monthly,2026-09-01,ACTIVE,UPI,,0,2026-07-18 21:14:51,NONE,ALREADY_SUCCESSFUL,False,0
SUB00322,CUST00331,1305.66,monthly,2026-09-05,ACTIVE,CARD,,0,2026-04-04 04:17:45,NONE,ALREADY_SUCCESSFUL,False,0
SUB00323,CUST00231,398.8,monthly,2026-09-18,ACTIVE,CARD,,0,2025-09-22 07:53:09,NONE,ALREADY_SUCCESSFUL,False,0
SUB00324,CUST00361,231.38,monthly,2026-09-04,ACTIVE,NETBANKING,,0,2025-07-03 16:21:22,NONE,ALREADY_SUCCESSFUL,False,0
SUB00325,CUST00705,1328.32,monthly,2026-09-20,ACTIVE,WALLET,,0,2025-12-10 23:33:23,NONE,ALREADY_SUCCESSFUL,False,0
SUB00326,CUST00181,4869.58,quarterly,2026-09-03,ACTIVE,UPI,,0,2026-03-14 21:06:55,NONE,ALREADY_SUCCESSFUL,False,0
SUB00327,CUST00267,1001.66,monthly,2026-09-21,ACTIVE,UPI,,0,2026-01-03 14:04:51,NONE,ALREADY_SUCCESSFUL,False,0
SUB00328,CUST00072,2927.54,monthly,2026-09-09,ACTIVE,WALLET,,0,2026-06-28 17:23:13,NONE,ALREADY_SUCCESSFUL,False,0
SUB00329,CUST00375,3003.49,monthly,2026-09-05,ACTIVE,CARD,,0,2026-07-04 00:33:50,NONE,ALREADY_SUCCESSFUL,False,0
SUB00330,CUST00694,857.73,quarterly,2026-09-19,ACTIVE,WALLET,,0,2026-05-09 15:27:01,NONE,ALREADY_SUCCESSFUL,False,0
SUB00331,CUST00061,2865.47,monthly,2026-08-23,PAST_DUE,CARD,EXPIRED_CARD,1,2025-07-21 09:19:56,SEND_PAYMENT_LINK,NOT_RECOVERED,False,0
SUB00332,CUST00608,387.5,monthly,2026-08-29,ACTIVE,NETBANKING,,0,2025-02-25 07:43:27,NONE,ALREADY_SUCCESSFUL,False,0
SUB00333,CUST00014,2211.31,monthly,2026-07-28,PAST_DUE,NETBANKING,TEMPORARY_DECLINE,3,2025-10-05 01:06:51,ESCALATE,NOT_RECOVERED,False,0
SUB00334,CUST00589,2270.98,monthly,2026-09-24,ACTIVE,UPI,,0,2024-10-12 17:07:21,NONE,ALREADY_SUCCESSFUL,False,0
SUB00335,CUST00412,1115.44,quarterly,2026-08-30,ACTIVE,UPI,,0,2024-10-02 23:26:41,NONE,ALREADY_SUCCESSFUL,False,0
SUB00336,CUST00164,2943.95,monthly,,CANCELLED,CARD,,0,2026-04-01 10:32:06,NONE,STOPPED,False,0
SUB00337,CUST00375,2917.41,annual,2026-09-04,ACTIVE,UPI,,0,2024-11-16 22:00:19,NONE,ALREADY_SUCCESSFUL,False,0
SUB00338,CUST00834,4240.94,monthly,2026-08-16,PAST_DUE,WALLET,TEMPORARY_DECLINE,1,2025-02-10 02:41:09,RETRY_PAYMENT,RECOVERED,True,4240.94
SUB00339,CUST00030,2147.36,monthly,2026-08-29,ACTIVE,NETBANKING,,0,2026-03-25 14:24:00,NONE,ALREADY_SUCCESSFUL,False,0
SUB00340,CUST00165,2733.66,monthly,,PAUSED,CARD,,0,2025-03-05 19:15:52,NONE,PAUSED,False,0
SUB00341,CUST00289,1181.35,quarterly,2026-09-14,ACTIVE,NETBANKING,,0,2026-01-19 13:47:36,NONE,ALREADY_SUCCESSFUL,False,0
SUB00342,CUST00777,3247.76,monthly,2026-09-05,ACTIVE,UPI,,0,2024-11-06 14:20:04,NONE,ALREADY_SUCCESSFUL,False,0
SUB00343,CUST00996,3080.58,quarterly,2026-08-18,PAST_DUE,WALLET,EXPIRED_CARD,1,2024-11-21 05:54:14,SEND_PAYMENT_LINK,RECOVERED,True,3080.58
SUB00344,CUST00460,662.48,quarterly,,CANCELLED,UPI,,0,2024-10-03 22:37:48,NONE,STOPPED,False,0
SUB00345,CUST00411,3657.65,monthly,2026-09-13,ACTIVE,UPI,,0,2024-12-18 22:54:45,NONE,ALREADY_SUCCESSFUL,False,0
SUB00346,CUST00427,2603.66,monthly,2026-09-15,ACTIVE,NETBANKING,,0,2025-01-20 03:14:32,NONE,ALREADY_SUCCESSFUL,False,0
SUB00347,CUST00560,965.29,monthly,2026-07-19,PAST_DUE,UPI,EXPIRED_CARD,1,2026-07-18 01:13:35,SEND_PAYMENT_LINK,RECOVERED,True,965.29
SUB00348,CUST00664,3014.34,monthly,2026-09-18,ACTIVE,UPI,,0,2025-04-07 23:23:12,NONE,ALREADY_SUCCESSFUL,False,0
SUB00349,CUST00486,3361.51,quarterly,2026-09-09,ACTIVE,UPI,,0,2025-04-01 21:04:33,NONE,ALREADY_SUCCESSFUL,False,0
SUB00350,CUST00585,4412.05,monthly,2026-09-10,ACTIVE,WALLET,,0,2024-12-16 06:07:26,NONE,ALREADY_SUCCESSFUL,False,0
SUB00351,CUST00119,805.68,monthly,2026-08-31,ACTIVE,NETBANKING,,0,2025-04-02 07:58:23,NONE,ALREADY_SUCCESSFUL,False,0
SUB00352,CUST00360,2954.27,monthly,2026-09-20,ACTIVE,NETBANKING,,0,2025-07-02 05:12:06,NONE,ALREADY_SUCCESSFUL,False,0
SUB00353,CUST00246,4353.35,monthly,2026-09-01,ACTIVE,CARD,,0,2024-11-29 02:34:07,NONE,ALREADY_SUCCESSFUL,False,0
SUB00354,CUST00479,4481.02,monthly,2026-09-21,ACTIVE,WALLET,,0,2025-04-13 00:56:38,NONE,ALREADY_SUCCESSFUL,False,0
SUB00355,CUST00962,4700.45,annual,2026-08-31,ACTIVE,CARD,,0,2026-05-21 15:09:40,NONE,ALREADY_SUCCESSFUL,False,0
SUB00356,CUST00368,705.71,monthly,2026-09-05,ACTIVE,WALLET,,0,2024-09-23 01:26:37,NONE,ALREADY_SUCCESSFUL,False,0
SUB00357,CUST00163,3923.72,monthly,2026-09-24,ACTIVE,NETBANKING,,0,2025-01-18 14:28:34,NONE,ALREADY_SUCCESSFUL,False,0
SUB00358,CUST00307,4394.8,monthly,2026-09-11,ACTIVE,UPI,,0,2025-03-08 11:50:17,NONE,ALREADY_SUCCESSFUL,False,0
SUB00359,CUST00970,4500.87,monthly,2026-08-28,ACTIVE,WALLET,,0,2025-06-02 20:55:17,NONE,ALREADY_SUCCESSFUL,False,0
SUB00360,CUST00999,3650.59,quarterly,2026-09-12,ACTIVE,WALLET,,0,2026-03-18 23:46:30,NONE,ALREADY_SUCCESSFUL,False,0
SUB00361,CUST00726,2592.78,quarterly,2026-09-02,ACTIVE,CARD,,0,2026-06-12 05:50:29,NONE,ALREADY_SUCCESSFUL,False,0
SUB00362,CUST00593,1001.96,monthly,2026-09-10,ACTIVE,CARD,,0,2026-05-20 21:29:01,NONE,ALREADY_SUCCESSFUL,False,0
SUB00363,CUST00184,3334.42,monthly,2026-09-02,ACTIVE,WALLET,,0,2025-05-06 00:44:39,NONE,ALREADY_SUCCESSFUL,False,0
SUB00364,CUST00397,2077.4,quarterly,2026-09-19,ACTIVE,WALLET,,0,2026-04-05 23:23:16,NONE,ALREADY_SUCCESSFUL,False,0
SUB00365,CUST00816,3985.97,quarterly,2026-09-22,ACTIVE,NETBANKING,,0,2024-09-09 20:08:45,NONE,ALREADY_SUCCESSFUL,False,0
SUB00366,CUST00893,2442.56,annual,2026-09-04,ACTIVE,UPI,,0,2026-04-22 21:04:41,NONE,ALREADY_SUCCESSFUL,False,0
SUB00367,CUST00267,1021.54,quarterly,2026-07-26,PAST_DUE,NETBANKING,TEMPORARY_DECLINE,0,2025-10-07 07:20:04,RETRY_PAYMENT,RECOVERED,True,1021.54
SUB00368,CUST00688,3128.87,quarterly,2026-08-07,PAST_DUE,CARD,INSUFFICIENT_FUNDS,2,2026-02-22 02:39:55,RETRY_PAYMENT,NOT_RECOVERED,False,0
SUB00369,CUST00468,427.25,monthly,2026-07-12,PAST_DUE,CARD,TEMPORARY_DECLINE,2,2024-12-17 23:19:43,RETRY_PAYMENT,RECOVERED,True,427.25
SUB00370,CUST00249,1692.62,monthly,2026-09-12,ACTIVE,NETBANKING,,0,2026-02-02 16:05:26,NONE,ALREADY_SUCCESSFUL,False,0
SUB00371,CUST00739,678.48,monthly,2026-09-24,ACTIVE,UPI,,0,2024-10-05 10:46:37,NONE,ALREADY_SUCCESSFUL,False,0
SUB00372,CUST00276,3030.84,quarterly,2026-08-17,PAST_DUE,UPI,TEMPORARY_DECLINE,2,2025-04-06 15:58:17,RETRY_PAYMENT,NOT_RECOVERED,False,0
SUB00373,CUST00933,317.59,monthly,2026-08-08,PAST_DUE,CARD,TEMPORARY_DECLINE,0,2024-11-29 08:56:59,RETRY_PAYMENT,RECOVERED,True,317.59
SUB00374,CUST00333,3018.33,monthly,2026-08-22,PAST_DUE,CARD,TEMPORARY_DECLINE,0,2025-12-09 01:07:17,RETRY_PAYMENT,NOT_RECOVERED,False,0
SUB00375,CUST00759,1223.98,monthly,2026-08-27,ACTIVE,NETBANKING,,0,2026-02-06 14:22:50,NONE,ALREADY_SUCCESSFUL,False,0
SUB00376,CUST00255,2117.96,monthly,2026-09-04,ACTIVE,WALLET,,0,2024-09-11 01:07:11,NONE,ALREADY_SUCCESSFUL,False,0
SUB00377,CUST00708,1186.77,monthly,,CANCELLED,WALLET,,0,2024-09-10 11:55:12,NONE,STOPPED,False,0
SUB00378,CUST00057,313.86,monthly,2026-09-24,ACTIVE,WALLET,,0,2025-07-01 04:01:10,NONE,ALREADY_SUCCESSFUL,False,0
SUB00379,CUST00642,619.71,quarterly,,CANCELLED,NETBANKING,,0,2026-01-19 12:04:11,NONE,STOPPED,False,0
SUB00380,CUST00801,873.65,monthly,2026-08-23,PAST_DUE,UPI,EXPIRED_CARD,2,2025-06-27 17:10:42,SEND_PAYMENT_LINK,NOT_RECOVERED,False,0
SUB00381,CUST00782,881.42,quarterly,2026-08-17,PAST_DUE,NETBANKING,EXPIRED_CARD,1,2024-12-31 00:10:19,SEND_PAYMENT_LINK,RECOVERED,True,881.42
SUB00382,CUST00137,4677.4,monthly,2026-08-12,PAST_DUE,NETBANKING,PAYMENT_METHOD_REMOVED,4,2025-07-12 03:20:41,ESCALATE,NOT_RECOVERED,False,0
SUB00383,CUST00007,1802.32,monthly,2026-09-07,ACTIVE,WALLET,,0,2024-10-26 20:23:06,NONE,ALREADY_SUCCESSFUL,False,0
SUB00384,CUST00005,3457.24,monthly,2026-09-21,ACTIVE,UPI,,0,2025-06-21 02:10:03,NONE,ALREADY_SUCCESSFUL,False,0
SUB00385,CUST00294,3378.48,monthly,2026-09-03,ACTIVE,UPI,,0,2025-06-14 09:39:57,NONE,ALREADY_SUCCESSFUL,False,0
SUB00386,CUST00298,769.28,monthly,2026-08-28,ACTIVE,UPI,,0,2025-06-12 14:40:46,NONE,ALREADY_SUCCESSFUL,False,0
SUB00387,CUST00221,1962.4,quarterly,2026-09-25,ACTIVE,NETBANKING,,0,2026-03-26 14:22:10,NONE,ALREADY_SUCCESSFUL,False,0
SUB00388,CUST00406,2712.88,monthly,2026-09-19,ACTIVE,NETBANKING,,0,2025-03-16 21:47:28,NONE,ALREADY_SUCCESSFUL,False,0
SUB00389,CUST00287,2492.84,annual,2026-09-20,ACTIVE,UPI,,0,2025-10-03 05:32:55,NONE,ALREADY_SUCCESSFUL,False,0
SUB00390,CUST00508,513.35,quarterly,2026-09-13,ACTIVE,WALLET,,0,2026-06-08 12:30:42,NONE,ALREADY_SUCCESSFUL,False,0
SUB00391,CUST00199,4207.7,monthly,2026-09-20,ACTIVE,UPI,,0,2025-09-25 22:01:59,NONE,ALREADY_SUCCESSFUL,False,0
SUB00392,CUST00499,1015.91,annual,2026-09-22,ACTIVE,NETBANKING,,0,2026-02-22 23:00:10,NONE,ALREADY_SUCCESSFUL,False,0
SUB00393,CUST00465,3022.14,monthly,2026-09-25,ACTIVE,UPI,,0,2025-07-12 23:43:16,NONE,ALREADY_SUCCESSFUL,False,0
SUB00394,CUST00750,4694.36,quarterly,2026-09-25,ACTIVE,UPI,,0,2024-10-12 11:28:54,NONE,ALREADY_SUCCESSFUL,False,0
SUB00395,CUST00915,306.86,annual,2026-09-12,ACTIVE,CARD,,0,2026-06-14 06:22:44,NONE,ALREADY_SUCCESSFUL,False,0
SUB00396,CUST00258,771.79,quarterly,2026-09-12,ACTIVE,CARD,,0,2025-02-10 20:32:30,NONE,ALREADY_SUCCESSFUL,False,0
SUB00397,CUST00229,413.75,quarterly,2026-08-29,ACTIVE,UPI,,0,2026-07-10 20:06:48,NONE,ALREADY_SUCCESSFUL,False,0
SUB00398,CUST00971,2786.77,monthly,2026-09-11,ACTIVE,CARD,,0,2024-11-15 20:43:38,NONE,ALREADY_SUCCESSFUL,False,0
SUB00399,CUST00588,971.17,monthly,,CANCELLED,UPI,,0,2024-11-04 21:47:47,NONE,STOPPED,False,0
SUB00400,CUST00812,4584.64,quarterly,2026-09-10,ACTIVE,WALLET,,0,2025-10-07 08:33:28,NONE,ALREADY_SUCCESSFUL,False,0
SUB00401,CUST00117,2151.0,monthly,2026-09-18,ACTIVE,NETBANKING,,0,2026-02-25 19:05:10,NONE,ALREADY_SUCCESSFUL,False,0
SUB00402,CUST00784,671.99,quarterly,,PAUSED,UPI,,0,2025-11-22 05:42:49,NONE,PAUSED,False,0
SUB00403,CUST00336,1808.52,monthly,2026-08-29,ACTIVE,CARD,,0,2026-04-10 08:25:17,NONE,ALREADY_SUCCESSFUL,False,0
SUB00404,CUST00376,745.58,monthly,2026-08-28,ACTIVE,UPI,,0,2025-09-02 04:25:06,NONE,ALREADY_SUCCESSFUL,False,0
SUB00405,CUST00112,1894.26,annual,2026-09-17,ACTIVE,CARD,,0,2025-02-23 21:15:52,NONE,ALREADY_SUCCESSFUL,False,0
SUB00406,CUST00690,3771.49,monthly,2026-08-06,PAST_DUE,NETBANKING,INSUFFICIENT_FUNDS,0,2025-08-31 14:36:25,RETRY_PAYMENT,RECOVERED,True,3771.49
SUB00407,CUST00472,1922.88,annual,2026-09-14,ACTIVE,CARD,,0,2024-11-25 06:38:08,NONE,ALREADY_SUCCESSFUL,False,0
SUB00408,CUST00264,3913.94,annual,2026-09-05,ACTIVE,WALLET,,0,2025-03-20 06:17:10,NONE,ALREADY_SUCCESSFUL,False,0
SUB00409,CUST00853,4767.55,monthly,2026-08-18,PAST_DUE,CARD,TEMPORARY_DECLINE,0,2026-07-13 15:36:16,RETRY_PAYMENT,RECOVERED,True,4767.55
SUB00410,CUST00479,748.48,monthly,2026-08-28,ACTIVE,UPI,,0,2026-05-05 08:01:11,NONE,ALREADY_SUCCESSFUL,False,0
SUB00411,CUST00439,3782.12,monthly,2026-09-04,ACTIVE,CARD,,0,2025-12-07 22:36:59,NONE,ALREADY_SUCCESSFUL,False,0
SUB00412,CUST00643,435.19,monthly,2026-09-25,ACTIVE,NETBANKING,,0,2025-10-15 04:52:43,NONE,ALREADY_SUCCESSFUL,False,0
SUB00413,CUST00155,774.08,annual,,CANCELLED,UPI,,0,2025-12-31 16:03:18,NONE,STOPPED,False,0
SUB00414,CUST00572,1312.63,monthly,2026-09-22,ACTIVE,CARD,,0,2025-07-04 11:27:15,NONE,ALREADY_SUCCESSFUL,False,0
SUB00415,CUST00953,445.18,monthly,,CANCELLED,WALLET,,0,2026-05-21 08:11:58,NONE,STOPPED,False,0
SUB00416,CUST00295,3558.81,monthly,2026-09-07,ACTIVE,NETBANKING,,0,2025-05-07 20:40:53,NONE,ALREADY_SUCCESSFUL,False,0
SUB00417,CUST00867,3829.65,monthly,2026-09-07,ACTIVE,CARD,,0,2025-05-18 18:19:17,NONE,ALREADY_SUCCESSFUL,False,0
SUB00418,CUST00620,739.7,annual,2026-09-02,ACTIVE,NETBANKING,,0,2024-09-04 07:09:20,NONE,ALREADY_SUCCESSFUL,False,0
SUB00419,CUST00681,1402.21,annual,2026-08-28,ACTIVE,NETBANKING,,0,2025-04-15 19:11:42,NONE,ALREADY_SUCCESSFUL,False,0
SUB00420,CUST00279,915.33,monthly,,CANCELLED,WALLET,,0,2025-04-24 17:19:37,NONE,STOPPED,False,0
SUB00421,CUST00671,4034.61,monthly,,CANCELLED,CARD,,0,2025-12-18 19:26:44,NONE,STOPPED,False,0
SUB00422,CUST00179,1261.59,quarterly,2026-09-15,ACTIVE,UPI,,0,2025-09-26 10:49:08,NONE,ALREADY_SUCCESSFUL,False,0
SUB00423,CUST00884,2227.55,quarterly,2026-08-04,PAST_DUE,NETBANKING,PAYMENT_METHOD_REMOVED,3,2025-07-04 20:50:55,ESCALATE,NOT_RECOVERED,False,0
SUB00424,CUST00141,4264.45,monthly,,PAUSED,WALLET,,0,2026-01-19 19:33:57,NONE,PAUSED,False,0
SUB00425,CUST00575,2694.96,monthly,2026-08-27,ACTIVE,NETBANKING,,0,2026-02-05 15:35:16,NONE,ALREADY_SUCCESSFUL,False,0
SUB00426,CUST00545,837.32,monthly,2026-09-11,ACTIVE,WALLET,,0,2026-07-16 16:09:28,NONE,ALREADY_SUCCESSFUL,False,0
SUB00427,CUST00697,2563.99,monthly,2026-09-16,ACTIVE,CARD,,0,2025-09-14 12:18:56,NONE,ALREADY_SUCCESSFUL,False,0
SUB00428,CUST00400,2127.59,monthly,,CANCELLED,CARD,,0,2024-12-04 12:05:07,NONE,STOPPED,False,0
SUB00429,CUST00455,2582.79,monthly,2026-09-22,ACTIVE,UPI,,0,2026-03-07 20:07:14,NONE,ALREADY_SUCCESSFUL,False,0
SUB00430,CUST00351,4815.78,monthly,2026-09-16,ACTIVE,WALLET,,0,2025-02-05 05:11:06,NONE,ALREADY_SUCCESSFUL,False,0
SUB00431,CUST00699,3482.01,quarterly,2026-09-10,ACTIVE,UPI,,0,2025-09-08 00:36:01,NONE,ALREADY_SUCCESSFUL,False,0
SUB00432,CUST00794,1026.52,monthly,,PAUSED,WALLET,,0,2026-04-30 04:05:42,NONE,PAUSED,False,0
SUB00433,CUST00539,1882.11,monthly,2026-07-16,PAST_DUE,NETBANKING,EXPIRED_CARD,4,2025-11-21 03:48:09,ESCALATE,NOT_RECOVERED,False,0
SUB00434,CUST00333,1639.75,monthly,2026-08-29,ACTIVE,WALLET,,0,2024-12-23 01:06:02,NONE,ALREADY_SUCCESSFUL,False,0
SUB00435,CUST00948,4290.4,quarterly,2026-09-02,ACTIVE,NETBANKING,,0,2026-05-16 08:14:41,NONE,ALREADY_SUCCESSFUL,False,0
SUB00436,CUST00370,3666.96,monthly,2026-09-22,ACTIVE,WALLET,,0,2025-08-16 12:43:07,NONE,ALREADY_SUCCESSFUL,False,0
SUB00437,CUST00945,3079.65,monthly,2026-08-27,ACTIVE,UPI,,0,2025-07-15 23:45:55,NONE,ALREADY_SUCCESSFUL,False,0
SUB00438,CUST00653,1074.14,quarterly,,CANCELLED,WALLET,,0,2025-02-07 10:09:51,NONE,STOPPED,False,0
SUB00439,CUST00271,4489.09,quarterly,2026-09-08,ACTIVE,CARD,,0,2025-08-05 04:35:04,NONE,ALREADY_SUCCESSFUL,False,0
SUB00440,CUST00926,1615.13,annual,2026-09-22,ACTIVE,NETBANKING,,0,2025-03-30 00:59:23,NONE,ALREADY_SUCCESSFUL,False,0
SUB00441,CUST00702,4783.32,monthly,,CANCELLED,WALLET,,0,2025-12-28 01:47:38,NONE,STOPPED,False,0
SUB00442,CUST00222,3587.19,monthly,2026-09-24,ACTIVE,NETBANKING,,0,2025-06-04 16:08:26,NONE,ALREADY_SUCCESSFUL,False,0
SUB00443,CUST00553,992.74,annual,2026-09-08,ACTIVE,WALLET,,0,2026-02-03 09:04:58,NONE,ALREADY_SUCCESSFUL,False,0
SUB00444,CUST00468,3934.36,monthly,2026-09-11,ACTIVE,UPI,,0,2025-09-30 07:52:01,NONE,ALREADY_SUCCESSFUL,False,0
SUB00445,CUST00263,3246.78,monthly,2026-09-15,ACTIVE,UPI,,0,2025-10-04 10:37:37,NONE,ALREADY_SUCCESSFUL,False,0
SUB00446,CUST00529,3066.26,annual,2026-07-17,PAST_DUE,CARD,INSUFFICIENT_FUNDS,4,2026-07-15 22:27:08,ESCALATE,NOT_RECOVERED,False,0
SUB00447,CUST00502,2588.56,annual,2026-08-31,ACTIVE,UPI,,0,2026-06-13 13:33:18,NONE,ALREADY_SUCCESSFUL,False,0
SUB00448,CUST00953,2874.46,monthly,,CANCELLED,CARD,,0,2025-05-17 12:25:56,NONE,STOPPED,False,0
SUB00449,CUST00981,2024.72,monthly,2026-09-05,ACTIVE,CARD,,0,2025-05-12 12:27:34,NONE,ALREADY_SUCCESSFUL,False,0
SUB00450,CUST00862,1189.82,monthly,,CANCELLED,CARD,,0,2024-09-05 10:39:28,NONE,STOPPED,False,0
SUB00451,CUST00649,3604.59,monthly,2026-09-20,ACTIVE,NETBANKING,,0,2026-03-26 06:56:42,NONE,ALREADY_SUCCESSFUL,False,0
SUB00452,CUST00703,250.35,monthly,2026-08-25,PAST_DUE,NETBANKING,TEMPORARY_DECLINE,4,2026-07-01 03:39:13,ESCALATE,NOT_RECOVERED,False,0
SUB00453,CUST00987,3608.43,annual,,CANCELLED,CARD,,0,2026-02-07 21:31:15,NONE,STOPPED,False,0
SUB00454,CUST00426,408.84,monthly,2026-09-03,ACTIVE,WALLET,,0,2025-03-18 22:22:17,NONE,ALREADY_SUCCESSFUL,False,0
SUB00455,CUST00777,4237.02,monthly,2026-07-30,PAST_DUE,UPI,EXPIRED_CARD,3,2025-02-26 12:00:16,ESCALATE,NOT_RECOVERED,False,0
SUB00456,CUST00023,3304.34,quarterly,2026-09-18,ACTIVE,UPI,,0,2026-02-26 17:49:18,NONE,ALREADY_SUCCESSFUL,False,0
SUB00457,CUST00345,3918.65,monthly,2026-09-20,ACTIVE,CARD,,0,2024-09-22 16:49:47,NONE,ALREADY_SUCCESSFUL,False,0
SUB00458,CUST00343,4597.93,quarterly,2026-09-19,ACTIVE,NETBANKING,,0,2024-12-06 08:40:32,NONE,ALREADY_SUCCESSFUL,False,0
SUB00459,CUST00448,896.81,monthly,,PAUSED,CARD,,0,2025-09-09 17:56:57,NONE,PAUSED,False,0
SUB00460,CUST00899,583.59,quarterly,2026-08-22,PAST_DUE,UPI,EXPIRED_CARD,4,2024-12-02 09:55:52,ESCALATE,NOT_RECOVERED,False,0
SUB00461,CUST00546,1311.23,monthly,2026-09-16,ACTIVE,WALLET,,0,2025-01-19 13:22:16,NONE,ALREADY_SUCCESSFUL,False,0
SUB00462,CUST00989,4229.03,quarterly,2026-09-04,ACTIVE,UPI,,0,2025-05-05 16:34:48,NONE,ALREADY_SUCCESSFUL,False,0
SUB00463,CUST00819,4376.24,monthly,2026-08-13,PAST_DUE,UPI,INSUFFICIENT_FUNDS,3,2024-08-29 11:53:51,ESCALATE,NOT_RECOVERED,False,0
SUB00464,CUST00270,1881.32,monthly,,CANCELLED,UPI,,0,2025-05-23 18:54:35,NONE,STOPPED,False,0
SUB00465,CUST00678,1872.76,monthly,2026-08-15,PAST_DUE,WALLET,PAYMENT_METHOD_REMOVED,2,2025-09-15 14:20:36,SEND_PAYMENT_LINK,NOT_RECOVERED,False,0
SUB00466,CUST00119,4601.29,monthly,2026-08-23,PAST_DUE,UPI,INSUFFICIENT_FUNDS,4,2026-07-04 14:06:09,ESCALATE,NOT_RECOVERED,False,0
SUB00467,CUST00677,2630.13,monthly,2026-08-20,PAST_DUE,CARD,PAYMENT_METHOD_REMOVED,1,2025-03-27 01:21:37,SEND_PAYMENT_LINK,RECOVERED,True,2630.13
SUB00468,CUST00172,604.2,monthly,2026-09-13,ACTIVE,UPI,,0,2025-11-25 02:39:12,NONE,ALREADY_SUCCESSFUL,False,0
SUB00469,CUST00100,2650.57,monthly,2026-09-25,ACTIVE,NETBANKING,,0,2025-05-15 04:20:54,NONE,ALREADY_SUCCESSFUL,False,0
SUB00470,CUST00634,4781.78,annual,,CANCELLED,NETBANKING,,0,2025-04-18 17:44:48,NONE,STOPPED,False,0
SUB00471,CUST00094,4532.12,quarterly,2026-09-24,ACTIVE,NETBANKING,,0,2026-01-20 23:10:35,NONE,ALREADY_SUCCESSFUL,False,0
SUB00472,CUST00785,2792.08,quarterly,2026-07-20,PAST_DUE,UPI,EXPIRED_CARD,1,2025-09-03 19:48:43,SEND_PAYMENT_LINK,RECOVERED,True,2792.08
SUB00473,CUST00812,3672.31,monthly,2026-09-20,ACTIVE,CARD,,0,2025-06-27 05:31:37,NONE,ALREADY_SUCCESSFUL,False,0
SUB00474,CUST00011,3288.29,monthly,2026-07-24,PAST_DUE,UPI,EXPIRED_CARD,0,2025-05-03 05:01:45,SEND_PAYMENT_LINK,RECOVERED,True,3288.29
SUB00475,CUST00539,3520.88,quarterly,,CANCELLED,UPI,,0,2026-03-09 14:48:25,NONE,STOPPED,False,0
SUB00476,CUST00258,4990.33,monthly,,PAUSED,UPI,,0,2026-05-21 03:39:55,NONE,PAUSED,False,0
SUB00477,CUST00165,1053.42,monthly,,CANCELLED,UPI,,0,2026-04-15 22:36:15,NONE,STOPPED,False,0
SUB00478,CUST00652,1906.96,quarterly,,CANCELLED,CARD,,0,2026-05-19 03:37:51,NONE,STOPPED,False,0
SUB00479,CUST00574,2328.07,monthly,2026-08-27,ACTIVE,CARD,,0,2024-11-20 05:00:49,NONE,ALREADY_SUCCESSFUL,False,0
SUB00480,CUST00303,4556.11,monthly,2026-07-13,PAST_DUE,CARD,PAYMENT_METHOD_REMOVED,3,2025-01-08 08:36:07,ESCALATE,RECOVERED,True,4556.11
SUB00481,CUST00810,4138.57,monthly,2026-09-10,ACTIVE,NETBANKING,,0,2024-08-29 18:19:20,NONE,ALREADY_SUCCESSFUL,False,0
SUB00482,CUST00332,4432.8,annual,2026-08-14,PAST_DUE,UPI,INSUFFICIENT_FUNDS,4,2025-09-22 04:37:11,ESCALATE,NOT_RECOVERED,False,0
SUB00483,CUST00187,3320.18,quarterly,2026-09-05,ACTIVE,UPI,,0,2024-09-21 02:27:25,NONE,ALREADY_SUCCESSFUL,False,0
SUB00484,CUST00625,1080.17,quarterly,2026-08-09,PAST_DUE,UPI,PAYMENT_METHOD_REMOVED,1,2026-07-20 20:51:43,SEND_PAYMENT_LINK,NOT_RECOVERED,False,0
SUB00485,CUST00397,1020.56,monthly,2026-09-12,ACTIVE,UPI,,0,2024-10-16 18:06:13,NONE,ALREADY_SUCCESSFUL,False,0
SUB00486,CUST00959,3116.09,monthly,2026-08-13,PAST_DUE,WALLET,EXPIRED_CARD,3,2025-12-06 01:56:27,ESCALATE,NOT_RECOVERED,False,0
SUB00487,CUST00610,4429.19,monthly,2026-08-25,PAST_DUE,NETBANKING,EXPIRED_CARD,3,2025-11-09 23:52:26,ESCALATE,NOT_RECOVERED,False,0
SUB00488,CUST00690,4890.63,annual,2026-09-11,ACTIVE,NETBANKING,,0,2025-02-15 11:56:38,NONE,ALREADY_SUCCESSFUL,False,0
SUB00489,CUST00040,4686.49,monthly,2026-09-20,ACTIVE,CARD,,0,2024-12-13 16:24:08,NONE,ALREADY_SUCCESSFUL,False,0
SUB00490,CUST00709,1169.66,monthly,2026-09-15,ACTIVE,WALLET,,0,2025-08-09 23:47:43,NONE,ALREADY_SUCCESSFUL,False,0
SUB00491,CUST00247,3216.75,monthly,2026-09-07,ACTIVE,UPI,,0,2025-10-12 21:15:55,NONE,ALREADY_SUCCESSFUL,False,0
SUB00492,CUST00791,3031.85,quarterly,2026-09-22,ACTIVE,UPI,,0,2026-02-05 23:26:37,NONE,ALREADY_SUCCESSFUL,False,0
SUB00493,CUST00815,1795.73,monthly,2026-08-10,PAST_DUE,WALLET,TEMPORARY_DECLINE,1,2024-09-18 20:56:12,RETRY_PAYMENT,RECOVERED,True,1795.73
SUB00494,CUST00439,3851.08,annual,2026-09-15,ACTIVE,WALLET,,0,2025-04-29 18:16:15,NONE,ALREADY_SUCCESSFUL,False,0
SUB00495,CUST00480,4677.83,monthly,2026-09-17,ACTIVE,NETBANKING,,0,2025-03-04 07:27:58,NONE,ALREADY_SUCCESSFUL,False,0
SUB00496,CUST00766,4526.11,quarterly,2026-09-25,ACTIVE,WALLET,,0,2024-11-04 04:55:30,NONE,ALREADY_SUCCESSFUL,False,0
SUB00497,CUST00241,3623.57,quarterly,2026-08-25,PAST_DUE,UPI,INSUFFICIENT_FUNDS,3,2025-10-10 21:08:55,ESCALATE,NOT_RECOVERED,False,0
SUB00498,CUST00536,2829.38,quarterly,2026-08-20,PAST_DUE,WALLET,TEMPORARY_DECLINE,1,2025-08-08 18:47:00,RETRY_PAYMENT,RECOVERED,True,2829.38
SUB00499,CUST00172,4486.33,monthly,2026-09-12,ACTIVE,NETBANKING,,0,2024-09-30 21:27:50,NONE,ALREADY_SUCCESSFUL,False,0
SUB00500,CUST00393,2632.48,monthly,2026-09-16,ACTIVE,NETBANKING,,0,2025-10-28 03:28:53,NONE,ALREADY_SUCCESSFUL,False,0
SUB00501,CUST00882,1841.09,monthly,2026-09-03,ACTIVE,UPI,,0,2025-02-23 18:18:02,NONE,ALREADY_SUCCESSFUL,False,0
SUB00502,CUST00038,4045.29,monthly,2026-09-05,ACTIVE,UPI,,0,2025-06-13 06:18:41,NONE,ALREADY_SUCCESSFUL,False,0
SUB00503,CUST00257,3735.52,monthly,2026-07-25,PAST_DUE,WALLET,INSUFFICIENT_FUNDS,3,2024-12-17 01:25:27,ESCALATE,NOT_RECOVERED,False,0
SUB00504,CUST00103,543.19,monthly,2026-09-09,ACTIVE,UPI,,0,2026-02-28 03:27:38,NONE,ALREADY_SUCCESSFUL,False,0
SUB00505,CUST00492,296.45,annual,2026-07-26,PAST_DUE,WALLET,INSUFFICIENT_FUNDS,3,2026-07-14 00:25:29,ESCALATE,NOT_RECOVERED,False,0
SUB00506,CUST00849,924.92,monthly,2026-08-23,PAST_DUE,CARD,PAYMENT_METHOD_REMOVED,0,2025-08-29 09:01:22,SEND_PAYMENT_LINK,RECOVERED,True,924.92
SUB00507,CUST00326,4557.28,quarterly,,PAUSED,CARD,,0,2024-10-12 23:18:16,NONE,PAUSED,False,0
SUB00508,CUST00179,758.76,monthly,2026-09-07,ACTIVE,WALLET,,0,2025-08-01 03:58:58,NONE,ALREADY_SUCCESSFUL,False,0
SUB00509,CUST00207,4100.19,monthly,2026-08-31,ACTIVE,CARD,,0,2024-11-23 05:07:10,NONE,ALREADY_SUCCESSFUL,False,0
SUB00510,CUST00494,3678.29,monthly,2026-09-17,ACTIVE,CARD,,0,2024-09-16 04:09:04,NONE,ALREADY_SUCCESSFUL,False,0
SUB00511,CUST00008,1028.8,monthly,2026-09-14,ACTIVE,WALLET,,0,2026-01-04 14:49:21,NONE,ALREADY_SUCCESSFUL,False,0
SUB00512,CUST00617,1040.82,monthly,2026-09-12,ACTIVE,CARD,,0,2026-04-27 15:46:37,NONE,ALREADY_SUCCESSFUL,False,0
SUB00513,CUST00380,2639.82,monthly,,PAUSED,CARD,,0,2026-01-28 16:58:42,NONE,PAUSED,False,0
SUB00514,CUST00016,2020.0,quarterly,2026-08-27,ACTIVE,NETBANKING,,0,2025-03-08 03:38:04,NONE,ALREADY_SUCCESSFUL,False,0
SUB00515,CUST00450,4733.77,monthly,2026-09-03,ACTIVE,NETBANKING,,0,2025-07-18 13:52:47,NONE,ALREADY_SUCCESSFUL,False,0
SUB00516,CUST00566,1634.17,monthly,2026-08-23,PAST_DUE,UPI,TEMPORARY_DECLINE,0,2025-06-28 15:57:54,RETRY_PAYMENT,NOT_RECOVERED,False,0
SUB00517,CUST00048,3665.86,quarterly,2026-09-16,ACTIVE,NETBANKING,,0,2026-07-17 00:00:00,NONE,ALREADY_SUCCESSFUL,False,0
SUB00518,CUST00391,2690.69,monthly,2026-07-26,PAST_DUE,UPI,INSUFFICIENT_FUNDS,1,2025-09-18 23:00:18,RETRY_PAYMENT,NOT_RECOVERED,False,0
SUB00519,CUST00320,4631.17,quarterly,,PAUSED,UPI,,0,2025-04-24 17:45:03,NONE,PAUSED,False,0
SUB00520,CUST00911,3944.07,quarterly,,PAUSED,CARD,,0,2024-11-23 20:56:03,NONE,PAUSED,False,0
SUB00521,CUST00530,4285.01,monthly,,PAUSED,UPI,,0,2026-03-02 15:29:31,NONE,PAUSED,False,0
SUB00522,CUST00351,1395.58,monthly,2026-09-03,ACTIVE,NETBANKING,,0,2026-03-10 20:08:22,NONE,ALREADY_SUCCESSFUL,False,0
SUB00523,CUST00633,3785.77,monthly,2026-08-12,PAST_DUE,NETBANKING,EXPIRED_CARD,3,2025-12-11 09:07:52,ESCALATE,NOT_RECOVERED,False,0
SUB00524,CUST00125,3208.47,monthly,2026-09-08,ACTIVE,UPI,,0,2026-03-24 05:05:46,NONE,ALREADY_SUCCESSFUL,False,0
SUB00525,CUST00573,440.7,annual,2026-08-28,ACTIVE,NETBANKING,,0,2024-11-14 15:32:11,NONE,ALREADY_SUCCESSFUL,False,0
SUB00526,CUST00788,2479.32,monthly,,CANCELLED,WALLET,,0,2024-12-27 12:58:55,NONE,STOPPED,False,0
SUB00527,CUST00800,1800.14,quarterly,2026-08-28,ACTIVE,WALLET,,0,2026-07-16 22:33:26,NONE,ALREADY_SUCCESSFUL,False,0
SUB00528,CUST00348,3540.06,quarterly,2026-09-12,ACTIVE,NETBANKING,,0,2024-11-16 03:56:45,NONE,ALREADY_SUCCESSFUL,False,0
SUB00529,CUST00600,1933.65,annual,2026-09-18,ACTIVE,NETBANKING,,0,2025-12-08 10:31:19,NONE,ALREADY_SUCCESSFUL,False,0
SUB00530,CUST00760,3642.21,monthly,2026-09-15,ACTIVE,WALLET,,0,2024-09-04 01:06:34,NONE,ALREADY_SUCCESSFUL,False,0
SUB00531,CUST00683,4032.15,quarterly,2026-09-19,ACTIVE,WALLET,,0,2025-05-28 02:28:00,NONE,ALREADY_SUCCESSFUL,False,0
SUB00532,CUST00244,1593.46,quarterly,2026-08-25,PAST_DUE,CARD,PAYMENT_METHOD_REMOVED,4,2024-11-01 20:18:12,ESCALATE,NOT_RECOVERED,False,0
SUB00533,CUST00854,4689.26,monthly,,PAUSED,NETBANKING,,0,2024-11-17 23:13:17,NONE,PAUSED,False,0
SUB00534,CUST00925,1039.89,monthly,2026-08-31,ACTIVE,CARD,,0,2025-04-06 10:03:03,NONE,ALREADY_SUCCESSFUL,False,0
SUB00535,CUST00003,2747.21,monthly,2026-09-14,ACTIVE,UPI,,0,2025-10-14 02:17:56,NONE,ALREADY_SUCCESSFUL,False,0
SUB00536,CUST00615,2751.87,monthly,2026-09-18,ACTIVE,CARD,,0,2025-04-20 03:53:39,NONE,ALREADY_SUCCESSFUL,False,0
SUB00537,CUST00166,4946.85,annual,2026-07-18,PAST_DUE,NETBANKING,TEMPORARY_DECLINE,1,2025-07-16 16:22:38,RETRY_PAYMENT,RECOVERED,True,4946.85
SUB00538,CUST00648,3293.45,quarterly,2026-08-28,ACTIVE,UPI,,0,2026-04-08 03:49:50,NONE,ALREADY_SUCCESSFUL,False,0
SUB00539,CUST00084,3276.91,monthly,2026-09-17,ACTIVE,WALLET,,0,2025-08-22 12:56:55,NONE,ALREADY_SUCCESSFUL,False,0
SUB00540,CUST00486,2789.61,monthly,2026-09-19,ACTIVE,UPI,,0,2025-07-04 10:35:54,NONE,ALREADY_SUCCESSFUL,False,0
SUB00541,CUST00942,2069.33,monthly,,PAUSED,NETBANKING,,0,2024-11-15 04:44:45,NONE,PAUSED,False,0
SUB00542,CUST00231,3384.31,monthly,2026-09-15,ACTIVE,NETBANKING,,0,2025-11-17 01:56:19,NONE,ALREADY_SUCCESSFUL,False,0
SUB00543,CUST00469,432.02,monthly,2026-09-04,ACTIVE,CARD,,0,2025-06-18 14:46:42,NONE,ALREADY_SUCCESSFUL,False,0
SUB00544,CUST00225,3880.87,monthly,,CANCELLED,CARD,,0,2026-03-28 20:12:32,NONE,STOPPED,False,0
SUB00545,CUST00841,4414.13,monthly,2026-09-20,ACTIVE,CARD,,0,2025-08-19 15:57:21,NONE,ALREADY_SUCCESSFUL,False,0
SUB00546,CUST00121,4553.35,annual,,PAUSED,CARD,,0,2026-07-05 22:42:09,NONE,PAUSED,False,0
SUB00547,CUST00906,4143.43,annual,2026-09-03,ACTIVE,WALLET,,0,2025-11-10 23:38:14,NONE,ALREADY_SUCCESSFUL,False,0
SUB00548,CUST00465,4627.91,monthly,2026-08-23,PAST_DUE,NETBANKING,INSUFFICIENT_FUNDS,0,2025-06-12 11:40:25,RETRY_PAYMENT,NOT_RECOVERED,False,0
SUB00549,CUST00436,1780.17,quarterly,2026-07-24,PAST_DUE,CARD,TEMPORARY_DECLINE,0,2026-02-16 15:55:52,RETRY_PAYMENT,RECOVERED,True,1780.17
SUB00550,CUST00903,1296.14,annual,2026-09-12,ACTIVE,WALLET,,0,2024-10-17 11:17:04,NONE,ALREADY_SUCCESSFUL,False,0
SUB00551,CUST00338,2910.96,annual,2026-09-16,ACTIVE,WALLET,,0,2026-01-28 20:10:20,NONE,ALREADY_SUCCESSFUL,False,0
SUB00552,CUST00994,686.04,monthly,2026-09-17,ACTIVE,WALLET,,0,2024-12-29 16:56:05,NONE,ALREADY_SUCCESSFUL,False,0
SUB00553,CUST00137,1640.74,monthly,,CANCELLED,UPI,,0,2025-09-20 17:17:37,NONE,STOPPED,False,0
SUB00554,CUST00855,1298.6,quarterly,2026-09-03,ACTIVE,NETBANKING,,0,2026-04-15 07:18:24,NONE,ALREADY_SUCCESSFUL,False,0
SUB00555,CUST00011,4071.22,annual,2026-09-12,ACTIVE,NETBANKING,,0,2025-09-27 07:34:00,NONE,ALREADY_SUCCESSFUL,False,0
SUB00556,CUST00211,377.03,monthly,2026-09-20,ACTIVE,UPI,,0,2025-03-26 19:50:03,NONE,ALREADY_SUCCESSFUL,False,0
SUB00557,CUST00489,1453.98,monthly,2026-09-21,ACTIVE,WALLET,,0,2025-03-06 03:57:09,NONE,ALREADY_SUCCESSFUL,False,0
SUB00558,CUST00408,2592.01,quarterly,2026-09-22,ACTIVE,WALLET,,0,2025-04-08 16:01:39,NONE,ALREADY_SUCCESSFUL,False,0
SUB00559,CUST00340,339.19,monthly,2026-09-19,ACTIVE,CARD,,0,2026-05-09 18:10:41,NONE,ALREADY_SUCCESSFUL,False,0
SUB00560,CUST00017,727.66,monthly,,CANCELLED,UPI,,0,2025-09-18 14:48:32,NONE,STOPPED,False,0
SUB00561,CUST00764,742.39,monthly,2026-09-04,ACTIVE,CARD,,0,2026-05-29 17:48:50,NONE,ALREADY_SUCCESSFUL,False,0
SUB00562,CUST00079,4723.44,monthly,2026-08-09,PAST_DUE,WALLET,TEMPORARY_DECLINE,4,2025-11-14 23:46:40,ESCALATE,NOT_RECOVERED,False,0
SUB00563,CUST00201,2493.27,annual,2026-09-13,ACTIVE,NETBANKING,,0,2025-10-19 19:09:46,NONE,ALREADY_SUCCESSFUL,False,0
SUB00564,CUST00576,2857.14,monthly,2026-09-08,ACTIVE,UPI,,0,2025-12-16 19:42:52,NONE,ALREADY_SUCCESSFUL,False,0
SUB00565,CUST00161,3492.96,quarterly,2026-08-30,ACTIVE,UPI,,0,2025-08-22 09:03:01,NONE,ALREADY_SUCCESSFUL,False,0
SUB00566,CUST00599,4478.42,monthly,2026-09-11,ACTIVE,NETBANKING,,0,2025-10-20 07:53:33,NONE,ALREADY_SUCCESSFUL,False,0
SUB00567,CUST00426,4892.9,monthly,2026-09-04,ACTIVE,WALLET,,0,2026-01-18 20:48:13,NONE,ALREADY_SUCCESSFUL,False,0
SUB00568,CUST00036,1848.8,monthly,2026-07-12,PAST_DUE,CARD,INSUFFICIENT_FUNDS,0,2025-12-08 13:56:21,RETRY_PAYMENT,NOT_RECOVERED,False,0
SUB00569,CUST00940,4525.97,monthly,2026-08-28,ACTIVE,UPI,,0,2025-09-28 10:23:08,NONE,ALREADY_SUCCESSFUL,False,0
SUB00570,CUST00077,1462.07,quarterly,2026-08-29,ACTIVE,NETBANKING,,0,2026-02-08 12:26:17,NONE,ALREADY_SUCCESSFUL,False,0
SUB00571,CUST00621,3190.27,monthly,2026-09-06,ACTIVE,CARD,,0,2025-03-27 00:40:37,NONE,ALREADY_SUCCESSFUL,False,0
SUB00572,CUST00132,1862.78,monthly,2026-08-29,ACTIVE,CARD,,0,2025-07-01 16:47:26,NONE,ALREADY_SUCCESSFUL,False,0
SUB00573,CUST00761,701.53,monthly,2026-07-13,PAST_DUE,CARD,INSUFFICIENT_FUNDS,2,2025-04-08 04:55:41,RETRY_PAYMENT,NOT_RECOVERED,False,0
SUB00574,CUST00366,1360.42,annual,2026-08-30,ACTIVE,NETBANKING,,0,2025-07-13 22:23:07,NONE,ALREADY_SUCCESSFUL,False,0
SUB00575,CUST00722,3133.43,monthly,2026-09-19,ACTIVE,WALLET,,0,2026-01-02 12:25:38,NONE,ALREADY_SUCCESSFUL,False,0
SUB00576,CUST00921,486.98,monthly,2026-08-27,ACTIVE,NETBANKING,,0,2025-04-03 14:00:26,NONE,ALREADY_SUCCESSFUL,False,0
SUB00577,CUST00716,756.23,monthly,2026-09-11,ACTIVE,NETBANKING,,0,2025-01-22 07:38:24,NONE,ALREADY_SUCCESSFUL,False,0
SUB00578,CUST00037,4410.24,monthly,2026-08-27,ACTIVE,CARD,,0,2025-10-14 00:40:59,NONE,ALREADY_SUCCESSFUL,False,0
SUB00579,CUST00996,788.62,monthly,2026-09-04,ACTIVE,UPI,,0,2025-06-08 16:58:14,NONE,ALREADY_SUCCESSFUL,False,0
SUB00580,CUST00562,3790.38,monthly,2026-09-25,ACTIVE,NETBANKING,,0,2026-06-21 07:19:51,NONE,ALREADY_SUCCESSFUL,False,0
SUB00581,CUST00567,1642.66,monthly,2026-08-29,ACTIVE,UPI,,0,2024-10-11 13:20:08,NONE,ALREADY_SUCCESSFUL,False,0
SUB00582,CUST00053,2134.44,monthly,2026-09-04,ACTIVE,WALLET,,0,2026-02-15 15:27:52,NONE,ALREADY_SUCCESSFUL,False,0
SUB00583,CUST00492,1545.12,monthly,2026-09-08,ACTIVE,WALLET,,0,2026-05-14 18:57:03,NONE,ALREADY_SUCCESSFUL,False,0
SUB00584,CUST00232,538.98,monthly,2026-09-20,ACTIVE,CARD,,0,2024-10-20 16:11:49,NONE,ALREADY_SUCCESSFUL,False,0
SUB00585,CUST00337,607.54,quarterly,2026-09-19,ACTIVE,WALLET,,0,2025-10-21 13:01:44,NONE,ALREADY_SUCCESSFUL,False,0
SUB00586,CUST00990,1270.5,monthly,2026-09-18,ACTIVE,NETBANKING,,0,2024-11-30 19:13:15,NONE,ALREADY_SUCCESSFUL,False,0
SUB00587,CUST00171,3543.2,monthly,2026-08-30,ACTIVE,NETBANKING,,0,2025-12-20 00:00:28,NONE,ALREADY_SUCCESSFUL,False,0
SUB00588,CUST00927,2859.49,monthly,2026-09-08,ACTIVE,CARD,,0,2025-01-10 08:40:45,NONE,ALREADY_SUCCESSFUL,False,0
SUB00589,CUST00472,1304.71,annual,,CANCELLED,WALLET,,0,2026-02-18 06:04:25,NONE,STOPPED,False,0
SUB00590,CUST00932,2895.84,monthly,2026-09-25,ACTIVE,UPI,,0,2025-12-15 06:38:33,NONE,ALREADY_SUCCESSFUL,False,0
SUB00591,CUST00942,4237.09,monthly,,CANCELLED,UPI,,0,2024-10-31 05:46:10,NONE,STOPPED,False,0
SUB00592,CUST00714,2696.06,monthly,,PAUSED,WALLET,,0,2026-02-21 13:15:12,NONE,PAUSED,False,0
SUB00593,CUST00063,2939.4,quarterly,2026-09-03,ACTIVE,CARD,,0,2025-10-27 17:49:58,NONE,ALREADY_SUCCESSFUL,False,0
SUB00594,CUST00407,2254.92,monthly,2026-09-05,ACTIVE,CARD,,0,2025-11-01 03:36:32,NONE,ALREADY_SUCCESSFUL,False,0
SUB00595,CUST00142,1073.98,monthly,2026-08-28,ACTIVE,WALLET,,0,2025-04-05 00:52:35,NONE,ALREADY_SUCCESSFUL,False,0
SUB00596,CUST00583,4603.65,monthly,,PAUSED,WALLET,,0,2025-11-16 13:25:35,NONE,PAUSED,False,0
SUB00597,CUST00254,3621.07,annual,2026-09-04,ACTIVE,WALLET,,0,2026-06-19 14:35:35,NONE,ALREADY_SUCCESSFUL,False,0
SUB00598,CUST00575,4442.25,quarterly,2026-09-12,ACTIVE,NETBANKING,,0,2026-06-21 15:22:32,NONE,ALREADY_SUCCESSFUL,False,0
SUB00599,CUST00724,4239.49,monthly,2026-09-18,ACTIVE,UPI,,0,2024-09-09 21:35:32,NONE,ALREADY_SUCCESSFUL,False,0
SUB00600,CUST00180,624.13,monthly,2026-08-27,ACTIVE,NETBANKING,,0,2026-07-05 16:22:59,NONE,ALREADY_SUCCESSFUL,False,0
SUB00601,CUST00173,450.78,monthly,2026-09-07,ACTIVE,WALLET,,0,2025-04-05 01:31:58,NONE,ALREADY_SUCCESSFUL,False,0
SUB00602,CUST00754,4099.95,annual,2026-09-12,ACTIVE,CARD,,0,2024-11-06 13:08:05,NONE,ALREADY_SUCCESSFUL,False,0
SUB00603,CUST00514,4234.43,monthly,2026-09-22,ACTIVE,NETBANKING,,0,2025-06-30 02:14:09,NONE,ALREADY_SUCCESSFUL,False,0
SUB00604,CUST00075,3315.25,monthly,2026-08-30,ACTIVE,CARD,,0,2026-01-15 17:13:34,NONE,ALREADY_SUCCESSFUL,False,0
SUB00605,CUST00266,3401.99,monthly,2026-09-18,ACTIVE,WALLET,,0,2026-01-16 16:15:19,NONE,ALREADY_SUCCESSFUL,False,0
SUB00606,CUST00499,4988.95,monthly,2026-09-08,ACTIVE,WALLET,,0,2026-06-03 16:02:42,NONE,ALREADY_SUCCESSFUL,False,0
SUB00607,CUST00668,4698.9,quarterly,2026-09-12,ACTIVE,NETBANKING,,0,2024-09-20 05:48:12,NONE,ALREADY_SUCCESSFUL,False,0
SUB00608,CUST00654,2842.4,monthly,2026-09-21,ACTIVE,NETBANKING,,0,2025-09-30 18:09:39,NONE,ALREADY_SUCCESSFUL,False,0
SUB00609,CUST00635,3448.13,monthly,2026-09-02,ACTIVE,UPI,,0,2025-05-20 05:04:26,NONE,ALREADY_SUCCESSFUL,False,0
SUB00610,CUST00150,1688.13,monthly,2026-09-20,ACTIVE,CARD,,0,2025-04-06 18:35:37,NONE,ALREADY_SUCCESSFUL,False,0
SUB00611,CUST00955,3113.05,monthly,2026-07-25,PAST_DUE,CARD,TEMPORARY_DECLINE,3,2024-12-12 03:21:26,ESCALATE,NOT_RECOVERED,False,0
SUB00612,CUST00921,955.47,monthly,2026-09-18,ACTIVE,UPI,,0,2025-12-06 02:49:46,NONE,ALREADY_SUCCESSFUL,False,0
SUB00613,CUST00020,2663.71,monthly,2026-09-24,ACTIVE,NETBANKING,,0,2024-11-27 10:48:39,NONE,ALREADY_SUCCESSFUL,False,0
SUB00614,CUST00491,4088.42,monthly,2026-09-10,ACTIVE,UPI,,0,2025-01-30 09:08:14,NONE,ALREADY_SUCCESSFUL,False,0
SUB00615,CUST00539,2332.73,monthly,2026-08-09,PAST_DUE,CARD,EXPIRED_CARD,0,2024-09-13 04:06:46,SEND_PAYMENT_LINK,RECOVERED,True,2332.73
SUB00616,CUST00858,1380.25,monthly,2026-07-26,PAST_DUE,CARD,TEMPORARY_DECLINE,3,2025-01-28 16:08:08,ESCALATE,NOT_RECOVERED,False,0
SUB00617,CUST00804,3314.02,monthly,2026-08-03,PAST_DUE,CARD,TEMPORARY_DECLINE,4,2026-06-20 14:23:16,ESCALATE,NOT_RECOVERED,False,0
SUB00618,CUST00338,433.05,monthly,,CANCELLED,WALLET,,0,2025-05-17 18:53:02,NONE,STOPPED,False,0
SUB00619,CUST00094,4043.96,monthly,2026-09-22,ACTIVE,UPI,,0,2025-08-29 12:59:51,NONE,ALREADY_SUCCESSFUL,False,0
SUB00620,CUST00727,606.33,annual,,CANCELLED,CARD,,0,2025-02-16 19:51:18,NONE,STOPPED,False,0
SUB00621,CUST00999,3703.09,monthly,2026-07-26,PAST_DUE,CARD,INSUFFICIENT_FUNDS,1,2026-03-15 19:53:46,RETRY_PAYMENT,NOT_RECOVERED,False,0
SUB00622,CUST00170,2923.74,quarterly,2026-08-29,ACTIVE,CARD,,0,2024-12-18 02:49:52,NONE,ALREADY_SUCCESSFUL,False,0
SUB00623,CUST00905,3134.57,quarterly,,PAUSED,UPI,,0,2026-07-21 21:48:53,NONE,PAUSED,False,0
SUB00624,CUST00246,966.83,monthly,2026-08-30,ACTIVE,NETBANKING,,0,2026-07-22 17:05:53,NONE,ALREADY_SUCCESSFUL,False,0
SUB00625,CUST00301,3753.08,monthly,2026-09-04,ACTIVE,WALLET,,0,2025-02-06 04:28:02,NONE,ALREADY_SUCCESSFUL,False,0
SUB00626,CUST00451,1796.79,monthly,2026-08-06,PAST_DUE,NETBANKING,TEMPORARY_DECLINE,1,2026-04-12 01:43:11,RETRY_PAYMENT,RECOVERED,True,1796.79
SUB00627,CUST00645,1139.56,monthly,2026-09-06,ACTIVE,WALLET,,0,2025-01-07 11:55:50,NONE,ALREADY_SUCCESSFUL,False,0
SUB00628,CUST00558,564.09,monthly,2026-09-04,ACTIVE,WALLET,,0,2025-02-17 20:46:48,NONE,ALREADY_SUCCESSFUL,False,0
SUB00629,CUST00982,4527.45,monthly,,CANCELLED,NETBANKING,,0,2025-05-11 13:45:26,NONE,STOPPED,False,0
SUB00630,CUST00971,3737.03,monthly,2026-09-14,ACTIVE,NETBANKING,,0,2026-02-16 15:40:27,NONE,ALREADY_SUCCESSFUL,False,0
SUB00631,CUST00460,2003.75,quarterly,2026-09-08,ACTIVE,WALLET,,0,2026-07-11 22:02:20,NONE,ALREADY_SUCCESSFUL,False,0
SUB00632,CUST00304,4930.24,monthly,2026-09-21,ACTIVE,WALLET,,0,2025-04-05 01:18:02,NONE,ALREADY_SUCCESSFUL,False,0
SUB00633,CUST00383,2833.6,monthly,2026-09-15,ACTIVE,NETBANKING,,0,2025-06-21 18:29:52,NONE,ALREADY_SUCCESSFUL,False,0
SUB00634,CUST00450,476.28,quarterly,2026-08-28,ACTIVE,UPI,,0,2025-07-21 23:07:50,NONE,ALREADY_SUCCESSFUL,False,0
SUB00635,CUST00923,378.51,monthly,2026-07-15,PAST_DUE,WALLET,INSUFFICIENT_FUNDS,2,2025-07-06 00:56:35,RETRY_PAYMENT,NOT_RECOVERED,False,0
SUB00636,CUST00522,894.93,monthly,2026-08-30,ACTIVE,CARD,,0,2024-12-28 15:20:31,NONE,ALREADY_SUCCESSFUL,False,0
SUB00637,CUST00561,1501.82,monthly,2026-07-23,PAST_DUE,UPI,EXPIRED_CARD,4,2025-05-08 10:24:23,ESCALATE,NOT_RECOVERED,False,0
SUB00638,CUST00946,727.17,monthly,2026-09-19,ACTIVE,UPI,,0,2025-05-05 02:39:29,NONE,ALREADY_SUCCESSFUL,False,0
SUB00639,CUST00079,2034.07,annual,,CANCELLED,NETBANKING,,0,2024-10-20 00:32:27,NONE,STOPPED,False,0
SUB00640,CUST00904,2899.9,annual,2026-08-04,PAST_DUE,WALLET,INSUFFICIENT_FUNDS,3,2026-02-17 14:03:00,ESCALATE,NOT_RECOVERED,False,0
SUB00641,CUST00457,3066.28,monthly,2026-09-21,ACTIVE,UPI,,0,2024-12-25 07:16:23,NONE,ALREADY_SUCCESSFUL,False,0
SUB00642,CUST00788,2243.55,monthly,2026-09-02,ACTIVE,UPI,,0,2026-06-16 23:54:15,NONE,ALREADY_SUCCESSFUL,False,0
SUB00643,CUST00840,436.08,monthly,2026-09-16,ACTIVE,UPI,,0,2026-05-06 21:56:55,NONE,ALREADY_SUCCESSFUL,False,0
SUB00644,CUST00921,923.47,quarterly,2026-09-18,ACTIVE,CARD,,0,2025-03-04 09:43:53,NONE,ALREADY_SUCCESSFUL,False,0
SUB00645,CUST00747,3404.99,monthly,2026-08-09,PAST_DUE,CARD,INSUFFICIENT_FUNDS,2,2025-12-17 05:07:20,RETRY_PAYMENT,NOT_RECOVERED,False,0
SUB00646,CUST00803,2315.22,monthly,,CANCELLED,WALLET,,0,2025-08-18 23:41:02,NONE,STOPPED,False,0
SUB00647,CUST00846,4527.69,monthly,2026-07-26,PAST_DUE,CARD,PAYMENT_METHOD_REMOVED,4,2025-12-25 05:36:35,ESCALATE,RECOVERED,True,4527.69
SUB00648,CUST00358,277.3,monthly,2026-09-10,ACTIVE,WALLET,,0,2025-06-01 03:40:58,NONE,ALREADY_SUCCESSFUL,False,0
SUB00649,CUST00983,1699.01,annual,2026-09-01,ACTIVE,CARD,,0,2025-01-01 08:29:39,NONE,ALREADY_SUCCESSFUL,False,0
SUB00650,CUST00991,4893.79,monthly,2026-09-16,ACTIVE,UPI,,0,2026-02-04 00:35:38,NONE,ALREADY_SUCCESSFUL,False,0
SUB00651,CUST00536,694.81,quarterly,2026-09-05,ACTIVE,UPI,,0,2024-10-21 06:40:01,NONE,ALREADY_SUCCESSFUL,False,0
SUB00652,CUST00431,2245.6,monthly,,PAUSED,CARD,,0,2026-05-09 10:05:10,NONE,PAUSED,False,0
SUB00653,CUST00111,2979.35,quarterly,2026-08-27,ACTIVE,NETBANKING,,0,2025-03-24 20:26:37,NONE,ALREADY_SUCCESSFUL,False,0
SUB00654,CUST00513,2179.39,monthly,2026-08-16,PAST_DUE,WALLET,PAYMENT_METHOD_REMOVED,4,2024-10-02 23:25:22,ESCALATE,NOT_RECOVERED,False,0
SUB00655,CUST00368,612.29,monthly,2026-08-16,PAST_DUE,CARD,TEMPORARY_DECLINE,2,2026-04-22 17:18:01,RETRY_PAYMENT,NOT_RECOVERED,False,0
SUB00656,CUST00059,1273.18,monthly,2026-09-21,ACTIVE,CARD,,0,2025-05-22 16:03:56,NONE,ALREADY_SUCCESSFUL,False,0
SUB00657,CUST00155,1377.06,monthly,2026-08-07,PAST_DUE,NETBANKING,TEMPORARY_DECLINE,0,2024-12-13 01:27:04,RETRY_PAYMENT,RECOVERED,True,1377.06
SUB00658,CUST00023,2340.55,monthly,,CANCELLED,CARD,,0,2025-07-03 13:20:45,NONE,STOPPED,False,0
SUB00659,CUST00309,2861.08,monthly,2026-09-02,ACTIVE,WALLET,,0,2024-11-01 22:01:23,NONE,ALREADY_SUCCESSFUL,False,0
SUB00660,CUST00315,2586.29,annual,2026-08-05,PAST_DUE,WALLET,TEMPORARY_DECLINE,0,2024-12-28 15:10:50,RETRY_PAYMENT,NOT_RECOVERED,False,0
SUB00661,CUST00895,2413.0,quarterly,2026-09-15,ACTIVE,WALLET,,0,2026-06-25 23:10:11,NONE,ALREADY_SUCCESSFUL,False,0
SUB00662,CUST00396,2560.42,monthly,,PAUSED,NETBANKING,,0,2024-08-29 09:11:53,NONE,PAUSED,False,0
SUB00663,CUST00418,4829.84,quarterly,2026-09-23,ACTIVE,UPI,,0,2026-03-13 08:02:24,NONE,ALREADY_SUCCESSFUL,False,0
SUB00664,CUST00140,977.05,monthly,,CANCELLED,WALLET,,0,2025-02-13 13:58:04,NONE,STOPPED,False,0
SUB00665,CUST00305,3750.66,monthly,2026-09-08,ACTIVE,NETBANKING,,0,2026-03-26 10:30:31,NONE,ALREADY_SUCCESSFUL,False,0
SUB00666,CUST00803,2419.06,quarterly,2026-09-15,ACTIVE,UPI,,0,2024-10-01 01:24:48,NONE,ALREADY_SUCCESSFUL,False,0
SUB00667,CUST00197,2845.08,monthly,2026-09-04,ACTIVE,UPI,,0,2025-05-22 22:13:48,NONE,ALREADY_SUCCESSFUL,False,0
SUB00668,CUST00794,4122.48,monthly,2026-09-21,ACTIVE,UPI,,0,2025-04-05 18:10:27,NONE,ALREADY_SUCCESSFUL,False,0
SUB00669,CUST00755,372.27,monthly,,CANCELLED,CARD,,0,2025-12-11 00:31:17,NONE,STOPPED,False,0
SUB00670,CUST00876,2114.55,monthly,2026-09-10,ACTIVE,NETBANKING,,0,2026-01-08 19:48:47,NONE,ALREADY_SUCCESSFUL,False,0
SUB00671,CUST00460,3444.05,monthly,2026-09-17,ACTIVE,CARD,,0,2025-07-12 02:21:14,NONE,ALREADY_SUCCESSFUL,False,0
SUB00672,CUST00726,4664.67,quarterly,2026-08-30,ACTIVE,NETBANKING,,0,2025-03-25 15:10:37,NONE,ALREADY_SUCCESSFUL,False,0
SUB00673,CUST00344,4079.27,monthly,2026-09-22,ACTIVE,CARD,,0,2024-10-20 04:40:30,NONE,ALREADY_SUCCESSFUL,False,0
SUB00674,CUST00046,866.37,monthly,,CANCELLED,UPI,,0,2025-11-11 12:07:53,NONE,STOPPED,False,0
SUB00675,CUST00686,3704.36,monthly,2026-08-01,PAST_DUE,WALLET,INSUFFICIENT_FUNDS,2,2025-02-10 00:12:43,RETRY_PAYMENT,NOT_RECOVERED,False,0
SUB00676,CUST00767,4768.84,monthly,2026-09-24,ACTIVE,CARD,,0,2026-02-21 15:06:55,NONE,ALREADY_SUCCESSFUL,False,0
SUB00677,CUST00327,2439.09,monthly,2026-09-22,ACTIVE,CARD,,0,2024-11-28 23:57:45,NONE,ALREADY_SUCCESSFUL,False,0
SUB00678,CUST00180,1917.1,quarterly,,PAUSED,CARD,,0,2024-11-28 18:52:56,NONE,PAUSED,False,0
SUB00679,CUST00120,635.46,monthly,2026-07-27,PAST_DUE,UPI,EXPIRED_CARD,0,2025-11-24 03:31:31,SEND_PAYMENT_LINK,NOT_RECOVERED,False,0
SUB00680,CUST00979,4252.93,monthly,,CANCELLED,UPI,,0,2025-11-22 12:34:30,NONE,STOPPED,False,0
SUB00681,CUST00492,3598.62,monthly,2026-08-07,PAST_DUE,WALLET,PAYMENT_METHOD_REMOVED,4,2025-07-24 12:33:37,ESCALATE,NOT_RECOVERED,False,0
SUB00682,CUST00010,3515.96,monthly,2026-07-19,PAST_DUE,NETBANKING,EXPIRED_CARD,0,2025-08-24 21:29:09,SEND_PAYMENT_LINK,NOT_RECOVERED,False,0
SUB00683,CUST00411,4546.97,monthly,2026-09-15,ACTIVE,CARD,,0,2025-09-23 11:39:27,NONE,ALREADY_SUCCESSFUL,False,0
SUB00684,CUST00276,1205.43,monthly,2026-09-14,ACTIVE,WALLET,,0,2024-10-23 05:08:46,NONE,ALREADY_SUCCESSFUL,False,0
SUB00685,CUST00944,1013.12,monthly,,CANCELLED,UPI,,0,2025-08-26 19:30:41,NONE,STOPPED,False,0
SUB00686,CUST00609,2287.92,monthly,2026-08-06,PAST_DUE,WALLET,TEMPORARY_DECLINE,1,2024-10-13 01:17:43,RETRY_PAYMENT,RECOVERED,True,2287.92
SUB00687,CUST00566,922.92,annual,2026-08-27,ACTIVE,NETBANKING,,0,2025-01-15 17:01:50,NONE,ALREADY_SUCCESSFUL,False,0
SUB00688,CUST00287,2685.3,monthly,2026-08-24,PAST_DUE,CARD,TEMPORARY_DECLINE,3,2026-05-01 15:39:17,ESCALATE,NOT_RECOVERED,False,0
SUB00689,CUST00938,610.93,monthly,,CANCELLED,WALLET,,0,2025-08-29 18:13:10,NONE,STOPPED,False,0
SUB00690,CUST00915,4136.51,monthly,2026-09-08,ACTIVE,WALLET,,0,2026-03-22 13:15:24,NONE,ALREADY_SUCCESSFUL,False,0
SUB00691,CUST00952,2768.91,quarterly,2026-09-10,ACTIVE,CARD,,0,2026-07-11 15:31:43,NONE,ALREADY_SUCCESSFUL,False,0
SUB00692,CUST00855,1683.49,monthly,2026-08-31,ACTIVE,CARD,,0,2025-07-31 01:18:17,NONE,ALREADY_SUCCESSFUL,False,0
SUB00693,CUST00621,4723.27,monthly,2026-09-15,ACTIVE,UPI,,0,2024-11-06 10:52:31,NONE,ALREADY_SUCCESSFUL,False,0
SUB00694,CUST00775,313.39,monthly,2026-09-10,ACTIVE,UPI,,0,2026-07-19 14:28:23,NONE,ALREADY_SUCCESSFUL,False,0
SUB00695,CUST00116,4595.83,annual,2026-08-16,PAST_DUE,NETBANKING,PAYMENT_METHOD_REMOVED,3,2025-12-06 13:12:42,ESCALATE,NOT_RECOVERED,False,0
SUB00696,CUST00973,1064.55,monthly,2026-07-19,PAST_DUE,WALLET,EXPIRED_CARD,0,2024-09-14 21:34:53,SEND_PAYMENT_LINK,RECOVERED,True,1064.55
SUB00697,CUST00948,2518.19,monthly,2026-09-21,ACTIVE,UPI,,0,2025-08-07 16:16:13,NONE,ALREADY_SUCCESSFUL,False,0
SUB00698,CUST00678,3496.23,monthly,,CANCELLED,CARD,,0,2026-06-25 01:51:17,NONE,STOPPED,False,0
SUB00699,CUST00544,3123.56,quarterly,2026-07-14,PAST_DUE,WALLET,TEMPORARY_DECLINE,2,2025-02-21 09:06:38,RETRY_PAYMENT,RECOVERED,True,3123.56
SUB00700,CUST00651,617.23,monthly,2026-09-21,ACTIVE,CARD,,0,2025-05-18 19:52:20,NONE,ALREADY_SUCCESSFUL,False,0
SUB00701,CUST00002,2573.51,quarterly,2026-08-31,ACTIVE,WALLET,,0,2026-03-20 09:35:41,NONE,ALREADY_SUCCESSFUL,False,0
SUB00702,CUST00600,4461.2,monthly,2026-08-22,PAST_DUE,NETBANKING,TEMPORARY_DECLINE,3,2024-11-04 20:58:34,ESCALATE,NOT_RECOVERED,False,0
SUB00703,CUST00266,4319.81,monthly,2026-07-31,PAST_DUE,WALLET,EXPIRED_CARD,4,2024-10-10 00:27:20,ESCALATE,NOT_RECOVERED,False,0
SUB00704,CUST00512,4818.67,quarterly,,PAUSED,UPI,,0,2024-12-12 21:58:30,NONE,PAUSED,False,0
SUB00705,CUST00709,627.47,quarterly,2026-09-17,ACTIVE,CARD,,0,2025-03-04 15:18:51,NONE,ALREADY_SUCCESSFUL,False,0
SUB00706,CUST00024,2335.72,monthly,,PAUSED,UPI,,0,2025-01-01 08:53:30,NONE,PAUSED,False,0
SUB00707,CUST00188,2107.49,monthly,2026-09-02,ACTIVE,CARD,,0,2025-09-16 23:34:19,NONE,ALREADY_SUCCESSFUL,False,0
SUB00708,CUST00679,4972.51,annual,2026-07-18,PAST_DUE,CARD,INSUFFICIENT_FUNDS,2,2025-05-11 13:31:12,RETRY_PAYMENT,NOT_RECOVERED,False,0
SUB00709,CUST00810,4756.6,monthly,2026-09-20,ACTIVE,NETBANKING,,0,2025-05-09 19:22:54,NONE,ALREADY_SUCCESSFUL,False,0
SUB00710,CUST00661,2707.23,monthly,2026-09-10,ACTIVE,CARD,,0,2026-06-17 22:38:41,NONE,ALREADY_SUCCESSFUL,False,0
SUB00711,CUST00594,1412.38,quarterly,,CANCELLED,NETBANKING,,0,2024-09-19 07:47:04,NONE,STOPPED,False,0
SUB00712,CUST00079,1204.9,monthly,2026-09-14,ACTIVE,CARD,,0,2024-12-19 11:18:21,NONE,ALREADY_SUCCESSFUL,False,0
SUB00713,CUST00866,4548.86,monthly,2026-08-13,PAST_DUE,UPI,EXPIRED_CARD,1,2025-07-18 23:47:21,SEND_PAYMENT_LINK,RECOVERED,True,4548.86
SUB00714,CUST00962,4061.29,monthly,2026-09-18,ACTIVE,WALLET,,0,2025-09-26 08:08:02,NONE,ALREADY_SUCCESSFUL,False,0
SUB00715,CUST00882,3227.63,quarterly,2026-09-05,ACTIVE,WALLET,,0,2025-07-30 14:07:41,NONE,ALREADY_SUCCESSFUL,False,0
SUB00716,CUST00256,323.51,monthly,2026-08-31,ACTIVE,UPI,,0,2025-04-14 13:34:22,NONE,ALREADY_SUCCESSFUL,False,0
SUB00717,CUST00885,3313.2,monthly,2026-08-31,ACTIVE,WALLET,,0,2025-12-20 12:54:33,NONE,ALREADY_SUCCESSFUL,False,0
SUB00718,CUST00456,1070.38,monthly,2026-09-06,ACTIVE,NETBANKING,,0,2025-10-05 14:34:55,NONE,ALREADY_SUCCESSFUL,False,0
SUB00719,CUST00671,3718.24,monthly,2026-09-01,ACTIVE,UPI,,0,2025-02-12 21:35:17,NONE,ALREADY_SUCCESSFUL,False,0
SUB00720,CUST00716,4565.43,monthly,,PAUSED,NETBANKING,,0,2026-03-03 09:41:21,NONE,PAUSED,False,0
SUB00721,CUST00559,3200.37,monthly,2026-07-31,PAST_DUE,UPI,TEMPORARY_DECLINE,3,2025-08-07 01:10:45,ESCALATE,NOT_RECOVERED,False,0
SUB00722,CUST00624,4664.14,quarterly,,CANCELLED,CARD,,0,2025-03-17 21:37:21,NONE,STOPPED,False,0
SUB00723,CUST00207,4051.07,monthly,2026-07-13,PAST_DUE,CARD,INSUFFICIENT_FUNDS,1,2025-02-08 19:34:57,RETRY_PAYMENT,RECOVERED,True,4051.07
SUB00724,CUST00099,3452.86,monthly,2026-08-28,ACTIVE,UPI,,0,2024-12-12 02:23:02,NONE,ALREADY_SUCCESSFUL,False,0
SUB00725,CUST00014,3045.73,monthly,2026-09-15,ACTIVE,CARD,,0,2026-01-02 09:00:43,NONE,ALREADY_SUCCESSFUL,False,0
SUB00726,CUST00860,4638.18,monthly,2026-09-08,ACTIVE,CARD,,0,2024-12-21 16:47:07,NONE,ALREADY_SUCCESSFUL,False,0
SUB00727,CUST00196,2006.04,monthly,2026-09-17,ACTIVE,WALLET,,0,2024-09-11 10:24:40,NONE,ALREADY_SUCCESSFUL,False,0
SUB00728,CUST00012,2043.14,annual,2026-09-22,ACTIVE,NETBANKING,,0,2024-09-27 21:55:42,NONE,ALREADY_SUCCESSFUL,False,0
SUB00729,CUST00701,4278.02,monthly,,CANCELLED,CARD,,0,2026-02-15 12:04:31,NONE,STOPPED,False,0
SUB00730,CUST00932,4445.61,quarterly,2026-07-12,PAST_DUE,CARD,EXPIRED_CARD,3,2025-09-06 16:53:10,ESCALATE,NOT_RECOVERED,False,0
SUB00731,CUST00439,677.31,annual,2026-09-09,ACTIVE,CARD,,0,2026-05-03 02:22:08,NONE,ALREADY_SUCCESSFUL,False,0
SUB00732,CUST00869,2293.6,annual,2026-09-23,ACTIVE,NETBANKING,,0,2025-04-11 09:00:51,NONE,ALREADY_SUCCESSFUL,False,0
SUB00733,CUST00747,4984.7,monthly,2026-09-19,ACTIVE,WALLET,,0,2026-03-08 15:31:36,NONE,ALREADY_SUCCESSFUL,False,0
SUB00734,CUST00161,3607.87,annual,,PAUSED,UPI,,0,2024-10-22 04:46:18,NONE,PAUSED,False,0
SUB00735,CUST00161,599.78,monthly,2026-08-30,ACTIVE,CARD,,0,2025-10-29 07:17:25,NONE,ALREADY_SUCCESSFUL,False,0
SUB00736,CUST00313,2626.43,monthly,2026-09-14,ACTIVE,UPI,,0,2025-06-20 11:12:30,NONE,ALREADY_SUCCESSFUL,False,0
SUB00737,CUST00314,2619.43,monthly,2026-08-12,PAST_DUE,CARD,EXPIRED_CARD,4,2026-07-02 18:59:17,ESCALATE,NOT_RECOVERED,False,0
SUB00738,CUST00182,1073.27,monthly,2026-08-22,PAST_DUE,NETBANKING,EXPIRED_CARD,4,2025-02-02 01:06:19,ESCALATE,NOT_RECOVERED,False,0
SUB00739,CUST00935,3707.39,monthly,2026-08-29,ACTIVE,NETBANKING,,0,2024-11-30 10:34:29,NONE,ALREADY_SUCCESSFUL,False,0
SUB00740,CUST00548,4483.79,monthly,2026-09-07,ACTIVE,CARD,,0,2025-09-06 18:32:33,NONE,ALREADY_SUCCESSFUL,False,0
SUB00741,CUST00086,1665.73,quarterly,2026-09-02,ACTIVE,NETBANKING,,0,2025-12-10 11:09:56,NONE,ALREADY_SUCCESSFUL,False,0
SUB00742,CUST00440,2782.41,monthly,2026-09-21,ACTIVE,UPI,,0,2025-03-17 11:14:47,NONE,ALREADY_SUCCESSFUL,False,0
SUB00743,CUST00218,504.95,quarterly,2026-09-20,ACTIVE,NETBANKING,,0,2025-11-29 01:47:55,NONE,ALREADY_SUCCESSFUL,False,0
SUB00744,CUST00807,2901.01,monthly,,CANCELLED,UPI,,0,2024-12-20 14:07:56,NONE,STOPPED,False,0
SUB00745,CUST00089,1945.51,monthly,2026-09-20,ACTIVE,NETBANKING,,0,2026-02-23 08:08:29,NONE,ALREADY_SUCCESSFUL,False,0
SUB00746,CUST00999,3673.75,monthly,2026-09-03,ACTIVE,NETBANKING,,0,2025-11-10 08:03:20,NONE,ALREADY_SUCCESSFUL,False,0
SUB00747,CUST00633,3839.1,monthly,2026-09-22,ACTIVE,UPI,,0,2025-09-05 00:18:51,NONE,ALREADY_SUCCESSFUL,False,0
SUB00748,CUST00499,4144.48,monthly,,PAUSED,CARD,,0,2026-06-07 23:41:59,NONE,PAUSED,False,0
SUB00749,CUST00492,570.81,annual,2026-08-12,PAST_DUE,CARD,TEMPORARY_DECLINE,2,2024-11-29 23:08:38,RETRY_PAYMENT,RECOVERED,True,570.81
SUB00750,CUST00560,1282.72,quarterly,2026-09-19,ACTIVE,CARD,,0,2025-01-02 02:06:41,NONE,ALREADY_SUCCESSFUL,False,0
SUB00751,CUST00407,4970.3,monthly,2026-09-18,ACTIVE,CARD,,0,2025-02-06 10:10:51,NONE,ALREADY_SUCCESSFUL,False,0
SUB00752,CUST00914,4685.67,monthly,2026-09-17,ACTIVE,NETBANKING,,0,2026-03-22 18:07:45,NONE,ALREADY_SUCCESSFUL,False,0
SUB00753,CUST00017,1772.18,monthly,2026-09-22,ACTIVE,CARD,,0,2026-01-16 06:26:40,NONE,ALREADY_SUCCESSFUL,False,0
SUB00754,CUST00471,2546.66,monthly,2026-08-27,ACTIVE,WALLET,,0,2026-06-12 01:41:08,NONE,ALREADY_SUCCESSFUL,False,0
SUB00755,CUST00354,4654.45,annual,2026-09-20,ACTIVE,WALLET,,0,2025-10-14 17:14:40,NONE,ALREADY_SUCCESSFUL,False,0
SUB00756,CUST00392,2027.82,monthly,2026-08-09,PAST_DUE,CARD,EXPIRED_CARD,2,2025-06-13 04:01:57,SEND_PAYMENT_LINK,NOT_RECOVERED,False,0
SUB00757,CUST00381,2865.3,monthly,2026-08-27,ACTIVE,WALLET,,0,2026-02-06 15:42:40,NONE,ALREADY_SUCCESSFUL,False,0
SUB00758,CUST00211,720.35,monthly,2026-08-19,PAST_DUE,UPI,PAYMENT_METHOD_REMOVED,0,2026-05-26 14:46:56,SEND_PAYMENT_LINK,NOT_RECOVERED,False,0
SUB00759,CUST00413,1873.97,monthly,2026-09-10,ACTIVE,WALLET,,0,2026-07-15 02:23:44,NONE,ALREADY_SUCCESSFUL,False,0
SUB00760,CUST00522,2095.03,monthly,2026-09-05,ACTIVE,NETBANKING,,0,2026-04-15 03:53:19,NONE,ALREADY_SUCCESSFUL,False,0
SUB00761,CUST00598,1040.89,monthly,,CANCELLED,NETBANKING,,0,2026-02-07 17:54:07,NONE,STOPPED,False,0
SUB00762,CUST00279,4293.83,monthly,2026-09-19,ACTIVE,CARD,,0,2025-09-07 12:41:22,NONE,ALREADY_SUCCESSFUL,False,0
SUB00763,CUST00958,2655.34,annual,,PAUSED,UPI,,0,2024-11-28 05:34:47,NONE,PAUSED,False,0
SUB00764,CUST00009,1244.18,monthly,2026-09-17,ACTIVE,NETBANKING,,0,2026-06-10 09:15:01,NONE,ALREADY_SUCCESSFUL,False,0
SUB00765,CUST00699,428.04,monthly,,CANCELLED,CARD,,0,2025-08-31 03:09:49,NONE,STOPPED,False,0
SUB00766,CUST00089,1627.75,quarterly,2026-07-24,PAST_DUE,UPI,TEMPORARY_DECLINE,0,2026-06-12 09:55:47,RETRY_PAYMENT,NOT_RECOVERED,False,0
SUB00767,CUST00574,1869.14,monthly,,CANCELLED,WALLET,,0,2025-01-11 07:26:05,NONE,STOPPED,False,0
SUB00768,CUST00485,1809.12,monthly,2026-07-23,PAST_DUE,CARD,EXPIRED_CARD,3,2026-03-05 20:10:20,ESCALATE,NOT_RECOVERED,False,0
SUB00769,CUST00038,4216.28,monthly,2026-07-21,PAST_DUE,CARD,PAYMENT_METHOD_REMOVED,3,2026-05-03 04:52:09,ESCALATE,NOT_RECOVERED,False,0
SUB00770,CUST00857,4809.3,quarterly,2026-09-06,ACTIVE,UPI,,0,2025-06-15 03:38:02,NONE,ALREADY_SUCCESSFUL,False,0
SUB00771,CUST00964,2338.5,monthly,2026-09-09,ACTIVE,WALLET,,0,2025-01-02 12:12:42,NONE,ALREADY_SUCCESSFUL,False,0
SUB00772,CUST00039,1556.64,monthly,2026-09-25,ACTIVE,NETBANKING,,0,2025-07-02 09:56:14,NONE,ALREADY_SUCCESSFUL,False,0
SUB00773,CUST00095,2605.19,monthly,2026-09-08,ACTIVE,NETBANKING,,0,2024-11-30 16:56:45,NONE,ALREADY_SUCCESSFUL,False,0
SUB00774,CUST00859,3214.21,monthly,2026-09-11,ACTIVE,WALLET,,0,2024-10-22 01:54:37,NONE,ALREADY_SUCCESSFUL,False,0
SUB00775,CUST00531,3993.04,monthly,2026-09-05,ACTIVE,WALLET,,0,2025-04-25 20:33:45,NONE,ALREADY_SUCCESSFUL,False,0
SUB00776,CUST00410,763.67,monthly,2026-09-14,ACTIVE,UPI,,0,2025-05-23 23:46:13,NONE,ALREADY_SUCCESSFUL,False,0
SUB00777,CUST00813,463.12,annual,2026-09-10,ACTIVE,NETBANKING,,0,2025-11-24 11:38:48,NONE,ALREADY_SUCCESSFUL,False,0
SUB00778,CUST00579,2279.88,monthly,2026-08-07,PAST_DUE,UPI,EXPIRED_CARD,0,2025-05-04 19:42:56,SEND_PAYMENT_LINK,RECOVERED,True,2279.88
SUB00779,CUST00237,2709.71,monthly,2026-07-30,PAST_DUE,UPI,INSUFFICIENT_FUNDS,2,2025-04-10 07:54:53,RETRY_PAYMENT,RECOVERED,True,2709.71
SUB00780,CUST00276,4012.5,monthly,,PAUSED,NETBANKING,,0,2024-10-29 08:01:42,NONE,PAUSED,False,0
SUB00781,CUST00662,2008.51,monthly,2026-08-30,ACTIVE,CARD,,0,2025-01-20 18:09:57,NONE,ALREADY_SUCCESSFUL,False,0
SUB00782,CUST00254,2013.63,monthly,2026-09-17,ACTIVE,UPI,,0,2026-05-24 05:28:43,NONE,ALREADY_SUCCESSFUL,False,0
SUB00783,CUST00076,861.49,monthly,2026-09-13,ACTIVE,NETBANKING,,0,2024-09-30 15:25:40,NONE,ALREADY_SUCCESSFUL,False,0
SUB00784,CUST00673,1475.29,quarterly,2026-08-17,PAST_DUE,UPI,TEMPORARY_DECLINE,2,2025-04-30 00:02:11,RETRY_PAYMENT,RECOVERED,True,1475.29
SUB00785,CUST00855,267.33,monthly,,PAUSED,WALLET,,0,2026-05-07 06:15:19,NONE,PAUSED,False,0
SUB00786,CUST00536,4175.81,monthly,2026-09-05,ACTIVE,WALLET,,0,2025-08-02 11:47:44,NONE,ALREADY_SUCCESSFUL,False,0
SUB00787,CUST00922,3786.89,monthly,2026-09-15,ACTIVE,WALLET,,0,2025-05-15 22:03:59,NONE,ALREADY_SUCCESSFUL,False,0
SUB00788,CUST00036,524.24,monthly,2026-09-11,ACTIVE,NETBANKING,,0,2025-10-10 05:04:53,NONE,ALREADY_SUCCESSFUL,False,0
SUB00789,CUST00976,3695.49,quarterly,2026-09-09,ACTIVE,NETBANKING,,0,2025-05-15 09:22:29,NONE,ALREADY_SUCCESSFUL,False,0
SUB00790,CUST00974,255.2,monthly,2026-07-16,PAST_DUE,WALLET,TEMPORARY_DECLINE,2,2024-09-07 00:17:06,RETRY_PAYMENT,NOT_RECOVERED,False,0
SUB00791,CUST00891,2198.05,monthly,2026-07-13,PAST_DUE,CARD,PAYMENT_METHOD_REMOVED,3,2025-09-21 01:16:46,ESCALATE,RECOVERED,True,2198.05
SUB00792,CUST00569,1170.41,monthly,,CANCELLED,CARD,,0,2025-10-09 00:37:11,NONE,STOPPED,False,0
SUB00793,CUST00195,3597.32,annual,2026-08-01,PAST_DUE,NETBANKING,TEMPORARY_DECLINE,0,2026-01-06 01:10:52,RETRY_PAYMENT,RECOVERED,True,3597.32
SUB00794,CUST00680,802.18,monthly,2026-09-01,ACTIVE,CARD,,0,2024-12-27 02:23:06,NONE,ALREADY_SUCCESSFUL,False,0
SUB00795,CUST00031,2135.53,monthly,2026-09-22,ACTIVE,WALLET,,0,2025-09-26 01:40:25,NONE,ALREADY_SUCCESSFUL,False,0
SUB00796,CUST00189,974.53,monthly,2026-08-30,ACTIVE,WALLET,,0,2026-07-07 06:38:15,NONE,ALREADY_SUCCESSFUL,False,0
SUB00797,CUST00799,478.65,annual,2026-09-05,ACTIVE,NETBANKING,,0,2025-05-06 09:17:08,NONE,ALREADY_SUCCESSFUL,False,0
SUB00798,CUST00660,4425.36,annual,,CANCELLED,NETBANKING,,0,2026-03-08 03:58:52,NONE,STOPPED,False,0
SUB00799,CUST00217,4912.59,monthly,,CANCELLED,NETBANKING,,0,2025-08-02 16:46:54,NONE,STOPPED,False,0
SUB00800,CUST00780,4397.65,monthly,2026-07-12,PAST_DUE,WALLET,INSUFFICIENT_FUNDS,3,2024-10-22 16:58:27,ESCALATE,NOT_RECOVERED,False,0
SUB00801,CUST00242,3107.07,monthly,,PAUSED,UPI,,0,2025-11-06 01:58:10,NONE,PAUSED,False,0
SUB00802,CUST00796,1334.84,monthly,2026-09-09,ACTIVE,NETBANKING,,0,2025-11-11 08:28:44,NONE,ALREADY_SUCCESSFUL,False,0
SUB00803,CUST00604,3621.81,annual,,CANCELLED,WALLET,,0,2024-08-25 12:04:15,NONE,STOPPED,False,0
SUB00804,CUST00245,2638.76,annual,2026-08-22,PAST_DUE,UPI,TEMPORARY_DECLINE,1,2026-05-19 09:47:57,RETRY_PAYMENT,RECOVERED,True,2638.76
SUB00805,CUST00874,3234.12,monthly,2026-09-22,ACTIVE,WALLET,,0,2026-05-06 17:50:14,NONE,ALREADY_SUCCESSFUL,False,0
SUB00806,CUST00919,1869.97,annual,2026-09-16,ACTIVE,CARD,,0,2025-10-15 07:48:20,NONE,ALREADY_SUCCESSFUL,False,0
SUB00807,CUST00602,671.56,monthly,,CANCELLED,UPI,,0,2025-06-02 12:52:56,NONE,STOPPED,False,0
SUB00808,CUST00939,4173.44,monthly,2026-09-10,ACTIVE,CARD,,0,2025-06-22 07:13:49,NONE,ALREADY_SUCCESSFUL,False,0
SUB00809,CUST00255,3482.81,monthly,2026-09-16,ACTIVE,CARD,,0,2025-07-28 15:37:03,NONE,ALREADY_SUCCESSFUL,False,0
SUB00810,CUST00211,492.02,quarterly,2026-09-04,ACTIVE,NETBANKING,,0,2024-09-15 08:11:57,NONE,ALREADY_SUCCESSFUL,False,0
SUB00811,CUST00648,3976.99,monthly,2026-09-05,ACTIVE,CARD,,0,2025-08-03 17:06:25,NONE,ALREADY_SUCCESSFUL,False,0
SUB00812,CUST00413,2078.78,annual,2026-08-25,PAST_DUE,UPI,TEMPORARY_DECLINE,4,2024-10-19 06:48:17,ESCALATE,NOT_RECOVERED,False,0
SUB00813,CUST00705,1469.41,monthly,2026-09-01,ACTIVE,NETBANKING,,0,2026-04-01 16:09:31,NONE,ALREADY_SUCCESSFUL,False,0
SUB00814,CUST00207,4817.43,quarterly,2026-09-16,ACTIVE,CARD,,0,2024-10-09 23:48:24,NONE,ALREADY_SUCCESSFUL,False,0
SUB00815,CUST00026,2595.89,quarterly,2026-09-03,ACTIVE,WALLET,,0,2024-11-23 03:56:38,NONE,ALREADY_SUCCESSFUL,False,0
SUB00816,CUST00016,4975.71,monthly,2026-09-23,ACTIVE,UPI,,0,2025-03-02 11:46:36,NONE,ALREADY_SUCCESSFUL,False,0
SUB00817,CUST00015,1909.33,annual,2026-09-09,ACTIVE,NETBANKING,,0,2024-08-25 16:15:05,NONE,ALREADY_SUCCESSFUL,False,0
SUB00818,CUST00311,4372.46,monthly,2026-09-09,ACTIVE,WALLET,,0,2026-02-28 17:45:15,NONE,ALREADY_SUCCESSFUL,False,0
SUB00819,CUST00263,2070.15,monthly,2026-07-14,PAST_DUE,NETBANKING,INSUFFICIENT_FUNDS,0,2025-05-12 13:19:30,RETRY_PAYMENT,NOT_RECOVERED,False,0
SUB00820,CUST00710,2158.65,quarterly,2026-09-21,ACTIVE,CARD,,0,2024-12-11 03:45:54,NONE,ALREADY_SUCCESSFUL,False,0
SUB00821,CUST00797,267.84,monthly,2026-09-16,ACTIVE,WALLET,,0,2025-05-20 04:16:09,NONE,ALREADY_SUCCESSFUL,False,0
SUB00822,CUST00859,1888.38,quarterly,,CANCELLED,WALLET,,0,2024-12-07 11:43:21,NONE,STOPPED,False,0
SUB00823,CUST00269,2544.61,annual,2026-09-04,ACTIVE,NETBANKING,,0,2024-10-22 07:14:07,NONE,ALREADY_SUCCESSFUL,False,0
SUB00824,CUST00082,4240.8,monthly,,PAUSED,WALLET,,0,2025-12-08 02:30:49,NONE,PAUSED,False,0
SUB00825,CUST00415,4373.1,monthly,2026-08-17,PAST_DUE,CARD,INSUFFICIENT_FUNDS,0,2025-06-19 04:48:56,RETRY_PAYMENT,NOT_RECOVERED,False,0
SUB00826,CUST00585,1581.53,monthly,2026-08-29,ACTIVE,WALLET,,0,2025-08-03 03:20:16,NONE,ALREADY_SUCCESSFUL,False,0
SUB00827,CUST00508,4830.51,annual,2026-09-25,ACTIVE,WALLET,,0,2026-03-31 22:25:48,NONE,ALREADY_SUCCESSFUL,False,0
SUB00828,CUST00444,4465.76,monthly,2026-09-12,ACTIVE,WALLET,,0,2025-10-31 12:10:57,NONE,ALREADY_SUCCESSFUL,False,0
SUB00829,CUST00112,4163.31,quarterly,2026-09-15,ACTIVE,WALLET,,0,2025-12-28 20:24:14,NONE,ALREADY_SUCCESSFUL,False,0
SUB00830,CUST00218,3550.32,annual,2026-09-17,ACTIVE,CARD,,0,2026-04-09 22:58:25,NONE,ALREADY_SUCCESSFUL,False,0
SUB00831,CUST00452,1425.16,monthly,2026-09-12,ACTIVE,WALLET,,0,2026-06-18 09:23:21,NONE,ALREADY_SUCCESSFUL,False,0
SUB00832,CUST00564,432.35,monthly,2026-09-01,ACTIVE,UPI,,0,2025-02-06 23:39:19,NONE,ALREADY_SUCCESSFUL,False,0
SUB00833,CUST00446,2789.77,monthly,2026-09-05,ACTIVE,NETBANKING,,0,2025-01-20 01:18:39,NONE,ALREADY_SUCCESSFUL,False,0
SUB00834,CUST00384,2927.84,quarterly,2026-09-08,ACTIVE,CARD,,0,2026-01-17 22:49:25,NONE,ALREADY_SUCCESSFUL,False,0
SUB00835,CUST00780,993.93,monthly,2026-09-18,ACTIVE,NETBANKING,,0,2025-05-20 18:02:00,NONE,ALREADY_SUCCESSFUL,False,0
SUB00836,CUST00059,2103.49,monthly,2026-09-15,ACTIVE,UPI,,0,2026-02-25 02:21:43,NONE,ALREADY_SUCCESSFUL,False,0
SUB00837,CUST00954,2958.95,monthly,2026-09-21,ACTIVE,CARD,,0,2025-03-28 00:22:21,NONE,ALREADY_SUCCESSFUL,False,0
SUB00838,CUST00997,4570.38,quarterly,2026-09-21,ACTIVE,WALLET,,0,2026-04-28 07:03:03,NONE,ALREADY_SUCCESSFUL,False,0
SUB00839,CUST00872,570.93,monthly,2026-09-14,ACTIVE,NETBANKING,,0,2025-04-03 06:01:12,NONE,ALREADY_SUCCESSFUL,False,0
SUB00840,CUST00948,2951.33,monthly,2026-08-27,ACTIVE,UPI,,0,2025-09-22 10:03:48,NONE,ALREADY_SUCCESSFUL,False,0
SUB00841,CUST00118,1057.23,monthly,2026-08-14,PAST_DUE,UPI,TEMPORARY_DECLINE,1,2025-05-13 15:36:05,RETRY_PAYMENT,NOT_RECOVERED,False,0
SUB00842,CUST00255,831.51,monthly,2026-07-15,PAST_DUE,CARD,INSUFFICIENT_FUNDS,0,2024-10-11 08:47:58,RETRY_PAYMENT,NOT_RECOVERED,False,0
SUB00843,CUST00237,1724.8,annual,2026-09-10,ACTIVE,NETBANKING,,0,2024-12-01 00:55:09,NONE,ALREADY_SUCCESSFUL,False,0
SUB00844,CUST00010,460.91,monthly,,CANCELLED,UPI,,0,2025-11-12 02:25:20,NONE,STOPPED,False,0
SUB00845,CUST00181,4649.57,monthly,2026-09-12,ACTIVE,CARD,,0,2026-02-23 00:02:12,NONE,ALREADY_SUCCESSFUL,False,0
SUB00846,CUST00706,2243.45,monthly,2026-07-20,PAST_DUE,UPI,PAYMENT_METHOD_REMOVED,1,2024-08-28 10:04:19,SEND_PAYMENT_LINK,NOT_RECOVERED,False,0
SUB00847,CUST00482,3471.45,quarterly,2026-08-07,PAST_DUE,CARD,INSUFFICIENT_FUNDS,1,2026-04-14 21:09:35,RETRY_PAYMENT,NOT_RECOVERED,False,0
SUB00848,CUST00388,784.68,monthly,2026-08-30,ACTIVE,NETBANKING,,0,2025-10-30 03:05:24,NONE,ALREADY_SUCCESSFUL,False,0
SUB00849,CUST00676,351.66,quarterly,2026-07-14,PAST_DUE,NETBANKING,EXPIRED_CARD,2,2025-06-27 23:22:02,SEND_PAYMENT_LINK,NOT_RECOVERED,False,0
SUB00850,CUST00730,1839.59,monthly,,CANCELLED,UPI,,0,2026-04-22 12:14:36,NONE,STOPPED,False,0
SUB00851,CUST00253,4606.9,monthly,,CANCELLED,CARD,,0,2026-04-08 12:24:12,NONE,STOPPED,False,0
SUB00852,CUST00514,959.32,monthly,,CANCELLED,NETBANKING,,0,2024-09-18 12:55:48,NONE,STOPPED,False,0
SUB00853,CUST01000,3881.83,monthly,2026-09-23,ACTIVE,NETBANKING,,0,2025-06-02 19:27:02,NONE,ALREADY_SUCCESSFUL,False,0
SUB00854,CUST00605,1104.64,monthly,2026-09-18,ACTIVE,NETBANKING,,0,2025-02-23 19:35:59,NONE,ALREADY_SUCCESSFUL,False,0
SUB00855,CUST00107,673.48,monthly,2026-09-17,ACTIVE,UPI,,0,2026-07-23 15:33:05,NONE,ALREADY_SUCCESSFUL,False,0
SUB00856,CUST00370,4121.44,monthly,2026-09-04,ACTIVE,WALLET,,0,2024-10-18 06:45:36,NONE,ALREADY_SUCCESSFUL,False,0
SUB00857,CUST00598,3743.58,monthly,2026-09-22,ACTIVE,NETBANKING,,0,2024-09-29 14:06:25,NONE,ALREADY_SUCCESSFUL,False,0
SUB00858,CUST00935,1957.13,annual,2026-09-11,ACTIVE,UPI,,0,2026-05-08 05:09:46,NONE,ALREADY_SUCCESSFUL,False,0
SUB00859,CUST00693,1581.82,monthly,2026-09-13,ACTIVE,CARD,,0,2025-04-12 22:39:17,NONE,ALREADY_SUCCESSFUL,False,0
SUB00860,CUST00077,2660.65,monthly,2026-09-07,ACTIVE,UPI,,0,2026-07-13 22:07:34,NONE,ALREADY_SUCCESSFUL,False,0
SUB00861,CUST00227,620.44,monthly,2026-09-11,ACTIVE,WALLET,,0,2026-07-09 21:39:23,NONE,ALREADY_SUCCESSFUL,False,0
SUB00862,CUST00383,1575.73,monthly,2026-09-08,ACTIVE,WALLET,,0,2025-09-20 12:38:05,NONE,ALREADY_SUCCESSFUL,False,0
SUB00863,CUST00817,1582.02,monthly,2026-09-09,ACTIVE,NETBANKING,,0,2026-05-07 04:00:33,NONE,ALREADY_SUCCESSFUL,False,0
SUB00864,CUST00031,2250.82,monthly,2026-09-01,ACTIVE,CARD,,0,2026-03-24 02:07:18,NONE,ALREADY_SUCCESSFUL,False,0
SUB00865,CUST00310,1784.04,monthly,2026-08-17,PAST_DUE,WALLET,PAYMENT_METHOD_REMOVED,3,2026-02-22 07:41:04,ESCALATE,RECOVERED,True,1784.04
SUB00866,CUST00683,4705.92,monthly,2026-09-09,ACTIVE,WALLET,,0,2025-04-30 21:27:50,NONE,ALREADY_SUCCESSFUL,False,0
SUB00867,CUST00509,1302.27,monthly,2026-09-16,ACTIVE,CARD,,0,2025-12-30 10:13:15,NONE,ALREADY_SUCCESSFUL,False,0
SUB00868,CUST00523,4684.1,monthly,2026-09-01,ACTIVE,NETBANKING,,0,2025-06-11 02:15:24,NONE,ALREADY_SUCCESSFUL,False,0
SUB00869,CUST00395,2870.17,monthly,2026-09-16,ACTIVE,WALLET,,0,2024-12-01 02:12:53,NONE,ALREADY_SUCCESSFUL,False,0
SUB00870,CUST00936,1611.12,quarterly,,PAUSED,CARD,,0,2026-03-25 07:18:46,NONE,PAUSED,False,0
SUB00871,CUST00237,499.28,quarterly,2026-09-18,ACTIVE,CARD,,0,2026-03-21 16:19:13,NONE,ALREADY_SUCCESSFUL,False,0
SUB00872,CUST00666,4423.69,quarterly,2026-09-18,ACTIVE,WALLET,,0,2025-08-26 16:16:56,NONE,ALREADY_SUCCESSFUL,False,0
SUB00873,CUST00210,2596.2,monthly,2026-09-01,ACTIVE,NETBANKING,,0,2025-03-04 17:22:19,NONE,ALREADY_SUCCESSFUL,False,0
SUB00874,CUST00632,2794.77,monthly,2026-09-17,ACTIVE,CARD,,0,2024-09-24 22:44:03,NONE,ALREADY_SUCCESSFUL,False,0
SUB00875,CUST00002,734.44,monthly,2026-07-31,PAST_DUE,CARD,PAYMENT_METHOD_REMOVED,3,2025-04-06 03:48:14,ESCALATE,NOT_RECOVERED,False,0
SUB00876,CUST00621,3483.4,annual,,CANCELLED,WALLET,,0,2024-10-03 15:36:33,NONE,STOPPED,False,0
SUB00877,CUST00830,958.67,monthly,,PAUSED,NETBANKING,,0,2026-01-11 01:29:38,NONE,PAUSED,False,0
SUB00878,CUST00166,3197.83,annual,,CANCELLED,NETBANKING,,0,2024-11-19 08:35:20,NONE,STOPPED,False,0
SUB00879,CUST00603,2187.23,monthly,2026-09-09,ACTIVE,NETBANKING,,0,2025-10-25 17:17:59,NONE,ALREADY_SUCCESSFUL,False,0
SUB00880,CUST00516,2775.78,annual,2026-08-07,PAST_DUE,UPI,INSUFFICIENT_FUNDS,1,2026-02-22 00:46:14,RETRY_PAYMENT,RECOVERED,True,2775.78
SUB00881,CUST00167,1480.5,quarterly,2026-09-20,ACTIVE,WALLET,,0,2024-12-15 15:02:15,NONE,ALREADY_SUCCESSFUL,False,0
SUB00882,CUST00488,2790.79,monthly,2026-08-30,ACTIVE,CARD,,0,2026-01-12 23:33:02,NONE,ALREADY_SUCCESSFUL,False,0
SUB00883,CUST00185,4619.87,quarterly,2026-07-26,PAST_DUE,NETBANKING,TEMPORARY_DECLINE,4,2024-10-21 13:24:42,ESCALATE,NOT_RECOVERED,False,0
SUB00884,CUST00998,1430.59,monthly,2026-09-09,ACTIVE,CARD,,0,2025-04-20 00:26:35,NONE,ALREADY_SUCCESSFUL,False,0
SUB00885,CUST00794,362.1,quarterly,2026-09-20,ACTIVE,CARD,,0,2025-07-05 22:27:27,NONE,ALREADY_SUCCESSFUL,False,0
SUB00886,CUST00274,4884.19,quarterly,,CANCELLED,UPI,,0,2026-07-13 00:53:46,NONE,STOPPED,False,0
SUB00887,CUST00415,3596.2,monthly,2026-09-25,ACTIVE,WALLET,,0,2026-05-14 13:40:24,NONE,ALREADY_SUCCESSFUL,False,0
SUB00888,CUST00915,617.17,monthly,2026-09-24,ACTIVE,NETBANKING,,0,2025-05-06 23:44:58,NONE,ALREADY_SUCCESSFUL,False,0
SUB00889,CUST00637,654.7,monthly,2026-09-07,ACTIVE,NETBANKING,,0,2025-05-05 05:46:39,NONE,ALREADY_SUCCESSFUL,False,0
SUB00890,CUST00427,4955.58,annual,2026-09-06,ACTIVE,NETBANKING,,0,2025-07-15 20:29:30,NONE,ALREADY_SUCCESSFUL,False,0
SUB00891,CUST00166,4273.0,annual,2026-09-02,ACTIVE,NETBANKING,,0,2024-09-22 01:54:51,NONE,ALREADY_SUCCESSFUL,False,0
SUB00892,CUST00250,4136.64,monthly,2026-09-23,ACTIVE,NETBANKING,,0,2024-11-22 23:30:16,NONE,ALREADY_SUCCESSFUL,False,0
SUB00893,CUST00394,902.31,quarterly,2026-09-02,ACTIVE,NETBANKING,,0,2025-02-02 08:02:07,NONE,ALREADY_SUCCESSFUL,False,0
SUB00894,CUST00403,2545.61,monthly,2026-09-13,ACTIVE,NETBANKING,,0,2026-03-09 10:04:17,NONE,ALREADY_SUCCESSFUL,False,0
SUB00895,CUST00713,2839.75,monthly,2026-09-06,ACTIVE,WALLET,,0,2025-02-14 12:09:57,NONE,ALREADY_SUCCESSFUL,False,0
SUB00896,CUST00931,1091.69,quarterly,2026-07-26,PAST_DUE,UPI,TEMPORARY_DECLINE,1,2025-12-21 13:30:15,RETRY_PAYMENT,RECOVERED,True,1091.69
SUB00897,CUST00432,3822.35,monthly,2026-09-01,ACTIVE,UPI,,0,2026-03-06 03:30:20,NONE,ALREADY_SUCCESSFUL,False,0
SUB00898,CUST00784,1129.12,monthly,2026-09-05,ACTIVE,UPI,,0,2025-07-20 18:45:57,NONE,ALREADY_SUCCESSFUL,False,0
SUB00899,CUST00328,2658.92,monthly,,CANCELLED,CARD,,0,2024-12-23 01:16:53,NONE,STOPPED,False,0
SUB00900,CUST00511,1219.11,annual,2026-09-16,ACTIVE,UPI,,0,2026-03-20 09:56:17,NONE,ALREADY_SUCCESSFUL,False,0
SUB00901,CUST00860,841.6,monthly,2026-09-02,ACTIVE,WALLET,,0,2024-12-03 07:20:02,NONE,ALREADY_SUCCESSFUL,False,0
SUB00902,CUST00337,2536.0,monthly,2026-09-02,ACTIVE,UPI,,0,2025-10-06 13:26:36,NONE,ALREADY_SUCCESSFUL,False,0
SUB00903,CUST00506,3490.84,monthly,2026-08-28,ACTIVE,UPI,,0,2025-09-07 09:51:31,NONE,ALREADY_SUCCESSFUL,False,0
SUB00904,CUST00765,1300.44,quarterly,2026-08-29,ACTIVE,UPI,,0,2026-02-01 04:12:31,NONE,ALREADY_SUCCESSFUL,False,0
SUB00905,CUST00700,4154.92,monthly,,PAUSED,NETBANKING,,0,2024-12-16 21:14:33,NONE,PAUSED,False,0
SUB00906,CUST00149,1530.5,monthly,,CANCELLED,NETBANKING,,0,2025-09-02 07:33:12,NONE,STOPPED,False,0
SUB00907,CUST00609,2348.31,monthly,2026-09-06,ACTIVE,UPI,,0,2025-09-11 17:23:50,NONE,ALREADY_SUCCESSFUL,False,0
SUB00908,CUST00834,4607.45,annual,2026-09-11,ACTIVE,UPI,,0,2025-07-22 19:53:52,NONE,ALREADY_SUCCESSFUL,False,0
SUB00909,CUST00923,3999.1,monthly,2026-09-06,ACTIVE,NETBANKING,,0,2024-09-14 16:44:47,NONE,ALREADY_SUCCESSFUL,False,0
SUB00910,CUST00274,4402.56,monthly,2026-09-16,ACTIVE,WALLET,,0,2024-11-17 00:48:17,NONE,ALREADY_SUCCESSFUL,False,0
SUB00911,CUST00614,4547.54,annual,2026-09-13,ACTIVE,CARD,,0,2025-07-14 06:51:57,NONE,ALREADY_SUCCESSFUL,False,0
SUB00912,CUST00672,825.89,monthly,2026-09-15,ACTIVE,WALLET,,0,2025-05-25 09:22:06,NONE,ALREADY_SUCCESSFUL,False,0
SUB00913,CUST00639,2562.05,annual,2026-09-17,ACTIVE,NETBANKING,,0,2025-10-16 21:00:07,NONE,ALREADY_SUCCESSFUL,False,0
SUB00914,CUST00050,1700.36,monthly,2026-09-19,ACTIVE,UPI,,0,2024-10-20 19:05:53,NONE,ALREADY_SUCCESSFUL,False,0
SUB00915,CUST00961,812.57,annual,2026-09-25,ACTIVE,NETBANKING,,0,2024-12-07 19:19:51,NONE,ALREADY_SUCCESSFUL,False,0
SUB00916,CUST00131,4097.46,monthly,2026-09-05,ACTIVE,UPI,,0,2026-03-03 16:55:09,NONE,ALREADY_SUCCESSFUL,False,0
SUB00917,CUST00606,2196.98,monthly,2026-07-17,PAST_DUE,CARD,EXPIRED_CARD,0,2026-02-04 15:18:25,SEND_PAYMENT_LINK,NOT_RECOVERED,False,0
SUB00918,CUST00241,2700.24,annual,2026-09-17,ACTIVE,NETBANKING,,0,2025-03-21 08:56:19,NONE,ALREADY_SUCCESSFUL,False,0
SUB00919,CUST00506,359.42,monthly,2026-09-01,ACTIVE,CARD,,0,2025-07-05 13:42:16,NONE,ALREADY_SUCCESSFUL,False,0
SUB00920,CUST00546,4319.39,monthly,2026-08-14,PAST_DUE,CARD,PAYMENT_METHOD_REMOVED,0,2026-03-27 11:44:06,SEND_PAYMENT_LINK,NOT_RECOVERED,False,0
SUB00921,CUST00869,273.67,monthly,2026-09-01,ACTIVE,UPI,,0,2025-09-02 21:29:40,NONE,ALREADY_SUCCESSFUL,False,0
SUB00922,CUST00475,4472.23,monthly,2026-09-18,ACTIVE,WALLET,,0,2025-01-12 00:19:32,NONE,ALREADY_SUCCESSFUL,False,0
SUB00923,CUST00378,1618.61,quarterly,2026-09-03,ACTIVE,CARD,,0,2025-01-31 15:15:04,NONE,ALREADY_SUCCESSFUL,False,0
SUB00924,CUST00972,1653.03,monthly,2026-09-05,ACTIVE,NETBANKING,,0,2025-03-16 19:48:19,NONE,ALREADY_SUCCESSFUL,False,0
SUB00925,CUST00811,251.27,monthly,2026-09-14,ACTIVE,CARD,,0,2024-11-08 23:06:36,NONE,ALREADY_SUCCESSFUL,False,0
SUB00926,CUST00867,2624.84,monthly,2026-08-28,ACTIVE,CARD,,0,2025-03-12 22:26:21,NONE,ALREADY_SUCCESSFUL,False,0
SUB00927,CUST00530,4596.17,monthly,2026-08-31,ACTIVE,NETBANKING,,0,2025-10-20 13:10:52,NONE,ALREADY_SUCCESSFUL,False,0
SUB00928,CUST00945,771.65,monthly,2026-09-17,ACTIVE,WALLET,,0,2025-10-03 04:57:14,NONE,ALREADY_SUCCESSFUL,False,0
SUB00929,CUST00748,461.6,monthly,2026-08-05,PAST_DUE,CARD,TEMPORARY_DECLINE,4,2025-03-01 12:05:22,ESCALATE,NOT_RECOVERED,False,0
SUB00930,CUST00310,691.9,monthly,2026-09-25,ACTIVE,CARD,,0,2026-04-09 02:59:46,NONE,ALREADY_SUCCESSFUL,False,0
SUB00931,CUST00366,2551.82,monthly,2026-09-17,ACTIVE,UPI,,0,2026-04-20 21:25:35,NONE,ALREADY_SUCCESSFUL,False,0
SUB00932,CUST00698,2472.95,monthly,2026-09-06,ACTIVE,NETBANKING,,0,2024-12-25 01:20:09,NONE,ALREADY_SUCCESSFUL,False,0
SUB00933,CUST00638,816.05,annual,2026-09-22,ACTIVE,UPI,,0,2026-03-15 10:17:12,NONE,ALREADY_SUCCESSFUL,False,0
SUB00934,CUST00275,3160.88,monthly,2026-09-02,ACTIVE,CARD,,0,2024-12-08 02:45:36,NONE,ALREADY_SUCCESSFUL,False,0
SUB00935,CUST00220,343.8,monthly,2026-08-15,PAST_DUE,UPI,EXPIRED_CARD,0,2025-06-14 21:21:40,SEND_PAYMENT_LINK,NOT_RECOVERED,False,0
SUB00936,CUST00349,3550.95,quarterly,2026-09-13,ACTIVE,WALLET,,0,2026-03-28 22:25:22,NONE,ALREADY_SUCCESSFUL,False,0
SUB00937,CUST00415,2075.7,monthly,2026-09-17,ACTIVE,WALLET,,0,2026-01-09 21:35:18,NONE,ALREADY_SUCCESSFUL,False,0
SUB00938,CUST00665,763.0,monthly,2026-09-16,ACTIVE,NETBANKING,,0,2024-11-11 07:49:38,NONE,ALREADY_SUCCESSFUL,False,0
SUB00939,CUST00495,4430.11,monthly,2026-09-06,ACTIVE,CARD,,0,2026-01-08 02:45:32,NONE,ALREADY_SUCCESSFUL,False,0
SUB00940,CUST00441,2749.65,monthly,2026-09-16,ACTIVE,NETBANKING,,0,2025-10-23 04:41:34,NONE,ALREADY_SUCCESSFUL,False,0
SUB00941,CUST00721,3913.12,monthly,2026-07-18,PAST_DUE,CARD,PAYMENT_METHOD_REMOVED,0,2025-04-27 19:00:30,SEND_PAYMENT_LINK,RECOVERED,True,3913.12
SUB00942,CUST00185,4114.83,annual,2026-09-03,ACTIVE,NETBANKING,,0,2026-06-14 19:51:57,NONE,ALREADY_SUCCESSFUL,False,0
SUB00943,CUST00090,449.05,monthly,2026-08-15,PAST_DUE,WALLET,PAYMENT_METHOD_REMOVED,1,2024-12-02 21:13:54,SEND_PAYMENT_LINK,NOT_RECOVERED,False,0
SUB00944,CUST00337,2668.39,monthly,2026-09-23,ACTIVE,WALLET,,0,2025-04-11 08:41:16,NONE,ALREADY_SUCCESSFUL,False,0
SUB00945,CUST00997,4245.84,monthly,2026-08-21,PAST_DUE,NETBANKING,INSUFFICIENT_FUNDS,2,2025-06-03 02:43:07,RETRY_PAYMENT,NOT_RECOVERED,False,0
SUB00946,CUST00864,2836.57,monthly,2026-09-22,ACTIVE,NETBANKING,,0,2025-07-08 09:50:26,NONE,ALREADY_SUCCESSFUL,False,0
SUB00947,CUST00309,2912.98,monthly,2026-09-18,ACTIVE,NETBANKING,,0,2024-09-22 06:42:30,NONE,ALREADY_SUCCESSFUL,False,0
SUB00948,CUST00804,941.54,monthly,2026-08-02,PAST_DUE,WALLET,EXPIRED_CARD,1,2026-04-02 19:33:50,SEND_PAYMENT_LINK,NOT_RECOVERED,False,0
SUB00949,CUST00285,2543.17,monthly,,PAUSED,WALLET,,0,2025-11-18 11:04:18,NONE,PAUSED,False,0
SUB00950,CUST00794,3210.47,monthly,,CANCELLED,WALLET,,0,2026-07-12 09:32:08,NONE,STOPPED,False,0
SUB00951,CUST00151,3063.67,monthly,,PAUSED,NETBANKING,,0,2025-06-11 13:48:44,NONE,PAUSED,False,0
SUB00952,CUST00142,1875.91,monthly,2026-08-14,PAST_DUE,NETBANKING,EXPIRED_CARD,1,2025-01-01 20:49:41,SEND_PAYMENT_LINK,NOT_RECOVERED,False,0
SUB00953,CUST00296,3005.96,monthly,2026-09-24,ACTIVE,UPI,,0,2026-06-28 08:09:27,NONE,ALREADY_SUCCESSFUL,False,0
SUB00954,CUST00511,4751.57,monthly,2026-08-29,ACTIVE,CARD,,0,2025-11-11 19:21:53,NONE,ALREADY_SUCCESSFUL,False,0
SUB00955,CUST00517,4251.69,monthly,2026-09-16,ACTIVE,CARD,,0,2026-07-15 06:56:31,NONE,ALREADY_SUCCESSFUL,False,0
SUB00956,CUST00282,1692.93,monthly,,CANCELLED,CARD,,0,2025-01-21 02:12:51,NONE,STOPPED,False,0
SUB00957,CUST00432,3258.45,monthly,2026-09-03,ACTIVE,NETBANKING,,0,2026-02-23 07:53:43,NONE,ALREADY_SUCCESSFUL,False,0
SUB00958,CUST00037,2562.91,monthly,2026-09-05,ACTIVE,UPI,,0,2026-05-23 08:57:48,NONE,ALREADY_SUCCESSFUL,False,0
SUB00959,CUST00572,3222.27,monthly,2026-08-06,PAST_DUE,WALLET,TEMPORARY_DECLINE,2,2025-03-25 04:00:25,RETRY_PAYMENT,NOT_RECOVERED,False,0
SUB00960,CUST00869,2613.83,monthly,2026-08-29,ACTIVE,NETBANKING,,0,2026-04-18 08:48:17,NONE,ALREADY_SUCCESSFUL,False,0
SUB00961,CUST00289,694.34,monthly,2026-09-15,ACTIVE,CARD,,0,2024-09-11 20:39:57,NONE,ALREADY_SUCCESSFUL,False,0
SUB00962,CUST00825,2739.93,monthly,2026-09-21,ACTIVE,UPI,,0,2025-10-29 03:55:18,NONE,ALREADY_SUCCESSFUL,False,0
SUB00963,CUST00342,2917.74,monthly,2026-09-20,ACTIVE,UPI,,0,2026-02-07 23:14:00,NONE,ALREADY_SUCCESSFUL,False,0
SUB00964,CUST00354,4236.42,quarterly,2026-08-07,PAST_DUE,NETBANKING,INSUFFICIENT_FUNDS,4,2026-01-12 14:15:40,ESCALATE,NOT_RECOVERED,False,0
SUB00965,CUST00457,971.69,monthly,2026-09-03,ACTIVE,UPI,,0,2025-11-21 21:36:21,NONE,ALREADY_SUCCESSFUL,False,0
SUB00966,CUST00046,1957.85,quarterly,2026-09-18,ACTIVE,UPI,,0,2026-06-22 07:11:18,NONE,ALREADY_SUCCESSFUL,False,0
SUB00967,CUST00709,2756.26,quarterly,2026-09-03,ACTIVE,NETBANKING,,0,2025-08-08 16:37:29,NONE,ALREADY_SUCCESSFUL,False,0
SUB00968,CUST00139,2709.89,monthly,2026-09-01,ACTIVE,NETBANKING,,0,2026-03-20 05:49:26,NONE,ALREADY_SUCCESSFUL,False,0
SUB00969,CUST00345,1151.3,monthly,2026-09-23,ACTIVE,NETBANKING,,0,2024-11-28 06:26:01,NONE,ALREADY_SUCCESSFUL,False,0
SUB00970,CUST00825,597.18,annual,,PAUSED,NETBANKING,,0,2026-04-22 15:58:48,NONE,PAUSED,False,0
SUB00971,CUST00855,1049.81,annual,2026-09-18,ACTIVE,CARD,,0,2025-02-28 01:09:50,NONE,ALREADY_SUCCESSFUL,False,0
SUB00972,CUST00187,2525.75,quarterly,,CANCELLED,UPI,,0,2025-05-06 03:39:35,NONE,STOPPED,False,0
SUB00973,CUST00946,2659.07,monthly,2026-09-13,ACTIVE,CARD,,0,2025-12-02 05:27:21,NONE,ALREADY_SUCCESSFUL,False,0
SUB00974,CUST00283,974.79,monthly,,CANCELLED,WALLET,,0,2024-12-31 07:44:46,NONE,STOPPED,False,0
SUB00975,CUST00515,4384.8,monthly,2026-09-22,ACTIVE,NETBANKING,,0,2025-02-15 20:00:00,NONE,ALREADY_SUCCESSFUL,False,0
SUB00976,CUST00919,1417.96,monthly,,PAUSED,CARD,,0,2025-04-27 21:28:53,NONE,PAUSED,False,0
SUB00977,CUST00989,4886.7,monthly,2026-08-28,ACTIVE,WALLET,,0,2026-06-28 01:44:02,NONE,ALREADY_SUCCESSFUL,False,0
SUB00978,CUST00019,1997.4,monthly,2026-09-14,ACTIVE,NETBANKING,,0,2025-07-01 10:28:59,NONE,ALREADY_SUCCESSFUL,False,0
SUB00979,CUST00538,736.72,monthly,2026-07-22,PAST_DUE,WALLET,INSUFFICIENT_FUNDS,3,2025-12-15 13:35:00,ESCALATE,RECOVERED,True,736.72
SUB00980,CUST00281,4482.44,monthly,,PAUSED,WALLET,,0,2025-02-23 18:10:41,NONE,PAUSED,False,0
SUB00981,CUST00122,1178.98,monthly,,CANCELLED,UPI,,0,2025-12-05 12:14:26,NONE,STOPPED,False,0
SUB00982,CUST00176,610.06,monthly,,PAUSED,CARD,,0,2026-07-07 07:26:53,NONE,PAUSED,False,0
SUB00983,CUST00579,1942.26,annual,,CANCELLED,UPI,,0,2025-06-10 17:03:58,NONE,STOPPED,False,0
SUB00984,CUST00635,3447.66,monthly,2026-08-27,ACTIVE,WALLET,,0,2025-06-13 13:28:32,NONE,ALREADY_SUCCESSFUL,False,0
SUB00985,CUST00766,4348.34,quarterly,,PAUSED,NETBANKING,,0,2024-12-10 20:58:27,NONE,PAUSED,False,0
SUB00986,CUST00989,3036.77,monthly,2026-09-13,ACTIVE,NETBANKING,,0,2025-11-06 13:13:35,NONE,ALREADY_SUCCESSFUL,False,0
SUB00987,CUST00619,3888.74,annual,2026-08-07,PAST_DUE,UPI,PAYMENT_METHOD_REMOVED,3,2025-01-21 03:29:06,ESCALATE,NOT_RECOVERED,False,0
SUB00988,CUST00109,1301.36,monthly,2026-07-27,PAST_DUE,NETBANKING,PAYMENT_METHOD_REMOVED,2,2026-04-05 17:42:03,SEND_PAYMENT_LINK,NOT_RECOVERED,False,0
SUB00989,CUST00183,3207.33,monthly,2026-09-25,ACTIVE,WALLET,,0,2025-03-16 06:09:03,NONE,ALREADY_SUCCESSFUL,False,0
SUB00990,CUST00628,3162.64,annual,2026-08-28,ACTIVE,NETBANKING,,0,2024-11-23 22:09:23,NONE,ALREADY_SUCCESSFUL,False,0
SUB00991,CUST00868,2066.14,monthly,2026-09-07,ACTIVE,UPI,,0,2025-10-04 21:52:39,NONE,ALREADY_SUCCESSFUL,False,0
SUB00992,CUST00508,2806.69,monthly,2026-09-14,ACTIVE,NETBANKING,,0,2025-08-22 23:05:13,NONE,ALREADY_SUCCESSFUL,False,0
SUB00993,CUST00885,1724.42,monthly,2026-07-17,PAST_DUE,WALLET,EXPIRED_CARD,4,2025-12-10 03:18:58,ESCALATE,NOT_RECOVERED,False,0
SUB00994,CUST00285,4830.66,monthly,2026-08-02,PAST_DUE,UPI,INSUFFICIENT_FUNDS,4,2025-07-02 12:34:46,ESCALATE,NOT_RECOVERED,False,0
SUB00995,CUST00269,2812.73,monthly,,CANCELLED,UPI,,0,2026-04-22 04:40:48,NONE,STOPPED,False,0
SUB00996,CUST00477,2348.29,quarterly,2026-09-20,ACTIVE,UPI,,0,2025-12-24 04:46:16,NONE,ALREADY_SUCCESSFUL,False,0
SUB00997,CUST00169,351.8,monthly,2026-08-30,ACTIVE,CARD,,0,2025-08-28 07:14:40,NONE,ALREADY_SUCCESSFUL,False,0
SUB00998,CUST00876,3812.59,monthly,,CANCELLED,CARD,,0,2026-06-14 19:44:57,NONE,STOPPED,False,0
SUB00999,CUST00608,4113.66,quarterly,2026-08-18,PAST_DUE,CARD,INSUFFICIENT_FUNDS,3,2025-03-17 11:32:55,ESCALATE,NOT_RECOVERED,False,0
SUB01000,CUST00602,2784.35,annual,2026-09-20,ACTIVE,NETBANKING,,0,2025-06-19 17:58:43,NONE,ALREADY_SUCCESSFUL,False,0
